date,value
24-07-18_19:05,25.5,1008
24-07-18_15:05,25.8,1010
24-07-18_11:05,25.3,1011
24-07-18_07:05,24.2,1010
24-07-18_03:05,24.6,1010
24-07-17_23:05,25.4,1009
24-07-17_19:05,26.2,1007
24-07-17_15:05,26.3,1007
24-07-17_11:05,25.5,1006
24-07-17_07:05,25.2,1005
24-07-17_03:05,25.4,1004
24-07-16_23:05,25.7,1002
24-07-16_19:05,26.4,999
24-07-16_15:05,26.3,999
24-07-16_11:05,25.8,999
24-07-16_07:05,24.9,997
24-07-16_03:05,25.1,995
24-07-15_23:05,26.5,997
24-07-15_19:05,26.2,997
24-07-15_15:05,25.9,999
24-07-15_11:05,25.3,1000
24-07-15_07:05,24.6,1001
24-07-15_03:05,24.6,1001
24-07-14_23:05,25.6,1000
24-07-14_19:05,24.9,1000
24-07-14_15:05,24.9,1000
24-07-14_11:05,24.8,1001
24-07-14_07:05,24.6,1001
24-07-14_03:05,24.5,1000
24-07-13_23:05,24.7,1000
24-07-13_19:05,25.0,999
24-07-13_15:05,25.1,999
24-07-13_11:05,24.7,999
24-07-13_07:05,24.5,998
24-07-13_03:05,25.4,996
24-07-12_23:05,26.4,994
24-07-12_19:05,26.3,994
24-07-12_15:05,26.0,996
24-07-12_11:05,25.7,998
24-07-12_07:05,25.5,1001
24-07-12_03:05,25.6,1002
24-07-11_23:05,25.8,1003
24-07-11_19:05,26.1,1003
24-07-11_15:05,26.7,1003
24-07-11_11:05,26.1,1003
24-07-11_07:05,24.8,1003
24-07-11_03:05,25.1,1003
24-07-10_23:05,25.9,1004
24-07-10_19:05,25.9,1003
24-07-10_15:05,26.1,1001
24-07-10_11:05,25.7,1002
24-07-10_07:05,24.8,1000
24-07-10_03:05,24.8,1000
24-07-09_23:05,26.2,1001
24-07-09_19:05,25.3,1001
24-07-09_15:05,25.2,1003
24-07-09_11:05,24.5,1005
24-07-09_07:05,23.8,1005
24-07-09_03:05,23.8,1005
24-07-08_23:05,24.7,1005
24-07-08_19:05,24.4,1004
24-07-08_15:05,24.5,1005
24-07-08_11:05,24.0,1005
24-07-08_07:05,23.2,1004
24-07-08_03:05,23.1,1003
24-07-07_23:05,23.4,1003
24-07-07_19:05,23.6,1001
24-07-07_15:05,24.0,1001
24-07-07_11:05,24.2,1001
24-07-07_07:05,23.4,1000
24-07-07_03:05,23.5,998
24-07-06_23:05,24.1,994
24-07-06_19:05,23.8,991
24-07-06_15:05,23.9,988
24-07-06_11:05,23.2,991
24-07-06_07:05,22.7,995
24-07-06_03:05,23.0,996
24-07-05_23:05,23.8,997
24-07-05_19:05,23.6,998
24-07-05_15:05,24.1,998
24-07-05_11:05,24.1,998
24-07-05_07:05,23.2,998
24-07-05_03:05,23.7,998
24-07-04_23:05,24.6,997
24-07-04_19:05,24.3,995
24-07-04_15:05,24.5,993
24-07-04_11:05,23.7,994
24-07-04_07:05,22.7,995
24-07-04_03:05,23.3,995
24-07-03_23:05,24.6,996
24-07-03_19:05,25.0,995
24-07-03_15:05,25.3,996
24-07-03_11:05,24.4,997
24-07-03_07:05,23.9,998
24-07-03_03:05,24.2,998
24-07-02_23:05,24.7,998
24-07-02_19:05,25.2,997
24-07-02_15:05,25.5,998
24-07-02_11:05,25.1,1000
24-07-02_07:05,24.6,1001
24-07-02_03:05,25.0,1001
24-07-01_23:05,25.5,1001
24-07-01_19:05,25.9,999
24-07-01_15:05,26.0,999
24-07-01_11:05,25.3,998
24-07-01_07:05,25.2,998
24-07-01_03:05,25.3,999
24-06-30_23:05,25.8,998
24-06-30_19:05,26.6,995
24-06-30_15:05,26.1,993
24-06-30_11:05,25.9,992
24-06-30_07:05,25.9,992
24-06-30_03:05,25.9,990
24-06-29_23:05,26.0,994
24-06-29_19:05,26.1,997
24-06-29_15:05,26.1,1000
24-06-29_11:05,26.6,1003
24-06-29_07:05,25.4,1005
24-06-29_03:05,25.7,1005
24-06-28_23:05,26.5,1005
24-06-28_19:05,26.7,1002
24-06-28_15:05,26.7,1000
24-06-28_11:05,26.0,1000
24-06-28_07:05,25.6,998
24-06-28_03:05,25.6,998
24-06-27_23:05,25.6,997
24-06-27_19:05,26.0,996
24-06-27_15:05,25.3,995
24-06-27_11:05,24.5,996
24-06-27_07:05,24.2,996
24-06-27_03:05,24.2,996
24-06-26_23:05,24.1,997
24-06-26_19:05,24.4,996
24-06-26_15:05,24.1,997
24-06-26_11:05,23.7,999
24-06-26_07:05,23.4,1000
24-06-26_03:05,23.3,1000
24-06-25_23:05,23.4,1001
24-06-25_19:05,23.5,1001
24-06-25_15:05,23.4,1003
24-06-25_11:05,23.1,1004
24-06-25_07:05,22.9,1005
24-06-25_03:05,22.8,1005
24-06-24_23:05,23.0,1006
24-06-24_19:05,22.9,1005
24-06-24_15:05,22.9,1006
24-06-24_11:05,22.7,1008
24-06-24_07:05,22.6,1007
24-06-24_03:05,22.6,1007
24-06-23_23:05,22.8,1006
24-06-23_19:05,22.9,1005
24-06-23_15:05,22.8,1005
24-06-23_11:05,22.6,1005
24-06-23_07:05,22.5,1004
24-06-23_03:05,22.5,1002
24-06-22_23:05,22.6,1001
24-06-22_19:05,22.6,998
24-06-22_15:05,22.6,999
24-06-22_11:05,22.4,999
24-06-22_07:05,22.5,997
24-06-22_03:05,22.6,996
24-06-21_23:05,22.8,996
24-06-21_19:05,22.9,996
24-06-21_15:05,22.9,999
24-06-21_11:05,22.4,1000
24-06-21_07:05,22.0,1001
24-06-21_03:05,21.9,1003
24-06-20_23:05,22.0,1004
24-06-20_19:05,22.2,1005
24-06-20_15:05,22.1,1007
24-06-20_11:05,21.7,1009
24-06-20_07:05,21.5,1010
24-06-20_03:05,21.7,1009
24-06-19_23:05,21.9,1008
24-06-19_19:05,22.0,1006
24-06-19_15:05,22.0,1004
24-06-19_11:05,22.2,1002
24-06-19_07:05,22.2,999
24-06-19_03:05,22.4,998
24-06-18_23:05,22.6,997
24-06-18_19:05,22.7,998
24-06-18_15:05,22.6,1000
24-06-18_11:05,22.2,1002
24-06-18_07:05,22.0,1003
24-06-18_03:05,21.9,1002
24-06-17_23:05,22.1,1001
24-06-17_19:05,22.3,1000
24-06-17_15:05,22.3,999
24-06-17_11:05,21.9,1000
24-06-17_07:05,21.7,999
24-06-17_03:05,21.7,998
24-06-16_23:05,21.8,997
24-06-16_19:05,21.9,996
24-06-16_15:05,22.0,996
24-06-16_11:05,22.0,997
24-06-16_07:05,22.0,997
24-06-16_03:05,21.8,997
24-06-15_23:05,22.1,997
24-06-15_19:05,22.5,995
24-06-15_15:05,22.9,994
24-06-15_11:05,22.6,993
24-06-15_07:05,21.7,991
24-06-15_03:05,21.9,994
24-06-14_23:05,22.9,997
24-06-14_19:05,22.7,997
24-06-14_15:05,23.0,998
24-06-14_11:05,22.3,999
24-06-14_07:05,21.1,1000
24-06-14_03:05,21.5,1001
24-06-13_23:05,22.8,1003
24-06-13_19:05,22.3,1003
24-06-13_15:05,23.0,1004
24-06-13_11:05,22.3,1005
24-06-13_07:05,21.0,1005
24-06-13_03:05,21.4,1004
24-06-12_23:05,21.8,1004
24-06-12_19:05,22.8,1003
24-06-12_15:05,22.6,1003
24-06-12_11:05,21.9,1004
24-06-12_07:05,20.6,1004
24-06-12_03:05,20.8,1003
24-06-11_23:05,21.4,1003
24-06-11_19:05,22.2,1000
24-06-11_15:05,22.7,1001
24-06-11_11:05,21.9,999
24-06-11_07:05,21.5,996
24-06-11_03:05,22.0,994
24-06-10_23:05,23.4,992
24-06-10_19:05,23.1,991
24-06-10_15:05,24.2,992
24-06-10_11:05,21.6,994
24-06-10_07:05,21.6,994
24-06-10_03:05,21.6,994
24-06-09_23:05,21.9,993
24-06-09_19:05,22.2,993
24-06-09_15:05,22.2,994
24-06-09_11:05,22.0,996
24-06-09_07:05,21.6,997
24-06-09_03:05,21.9,997
24-06-08_23:05,22.2,995
24-06-08_19:05,22.4,993
24-06-08_15:05,22.4,995
24-06-08_11:05,22.0,999
24-06-08_07:05,21.8,1001
24-06-08_03:05,21.6,1002
24-06-07_23:05,21.9,1003
24-06-07_19:05,22.3,1003
24-06-07_15:05,22.4,1004
24-06-07_11:05,22.1,1005
24-06-07_07:05,22.0,1004
24-06-07_03:05,21.9,1003
24-06-06_23:05,22.2,1002
24-06-06_19:05,22.5,1001
24-06-06_15:05,22.7,1003
24-06-06_11:05,22.7,1004
24-06-06_07:05,22.0,1004
24-06-06_03:05,22.0,1003
24-06-05_23:05,22.3,1001
24-06-05_19:05,22.9,999
24-06-05_15:05,22.8,998
24-06-05_11:05,22.2,998
24-06-05_07:05,22.2,997
24-06-05_03:05,22.1,997
24-06-04_23:05,22.5,998
24-06-04_19:05,23.1,998
24-06-04_15:05,23.7,1000
24-06-04_11:05,23.1,1002
24-06-04_07:05,21.9,1003
24-06-04_03:05,22.0,1003
24-06-03_23:05,22.4,1004
24-06-03_19:05,23.1,1003
24-06-03_15:05,23.3,1004
24-06-03_11:05,22.9,1005
24-06-03_07:05,22.4,1005
24-06-03_03:05,22.7,1005
24-06-02_23:05,23.3,1005
24-06-02_19:05,23.1,1004
24-06-02_15:05,23.6,1003
24-06-02_11:05,23.1,1003
24-06-02_07:05,23.0,1001
24-06-02_03:05,23.6,1000
24-06-01_23:05,23.8,999
24-06-01_19:05,23.1,998
24-06-01_15:05,23.5,996
24-06-01_11:05,23.7,996
24-06-01_07:05,22.3,996
24-06-01_03:05,22.4,995
24-05-31_23:05,22.4,996
24-05-31_19:05,22.9,995
24-05-31_15:05,24.1,995
24-05-31_11:05,23.7,995
24-05-31_07:05,22.6,994
24-05-31_03:05,22.9,992
24-05-30_23:05,23.6,991
24-05-30_19:05,23.8,990
24-05-30_15:05,22.8,991
24-05-30_11:05,23.0,992
24-05-30_07:05,22.8,993
24-05-30_03:05,23.0,994
24-05-29_23:05,23.9,996
24-05-29_19:05,23.4,997
24-05-29_15:05,24.3,998
24-05-29_11:05,23.6,1000
24-05-29_07:05,22.7,1002
24-05-29_03:05,22.9,1003
24-05-28_23:05,23.3,1004
24-05-28_19:05,23.8,1004
24-05-28_15:05,24.1,1005
24-05-28_11:05,23.8,1005
24-05-28_07:05,23.5,1003
24-05-28_03:05,23.9,1002
24-05-27_23:05,25.1,1001
24-05-27_19:05,24.3,1001
24-05-27_15:05,25.0,1004
24-05-27_11:05,24.4,1005
24-05-27_07:05,23.3,1004
24-05-27_03:05,23.5,1004
24-05-26_23:05,24.8,1004
24-05-26_19:05,23.9,1003
24-05-26_15:05,24.8,1004
24-05-26_11:05,23.6,1005
24-05-26_07:05,23.2,1005
24-05-26_03:05,23.5,1005
24-05-25_23:05,24.2,1005
24-05-25_19:05,24.1,1003
24-05-25_15:05,23.9,1003
24-05-25_11:05,23.7,1005
24-05-25_07:05,22.9,1004
24-05-25_03:05,22.9,1003
24-05-24_23:05,23.4,1004
24-05-24_19:05,23.8,1003
24-05-24_15:05,24.0,1004
24-05-24_11:05,23.8,1004
24-05-24_07:05,23.0,1004
24-05-24_03:05,23.0,1004
24-05-23_23:05,23.9,1003
24-05-23_19:05,23.5,1002
24-05-23_15:05,23.7,1001
24-05-23_11:05,23.5,1002
24-05-23_07:05,22.7,1001
24-05-23_03:05,22.7,999
24-05-22_23:05,23.0,999
24-05-22_19:05,24.2,997
24-05-22_15:05,24.2,996
24-05-22_11:05,23.8,994
24-05-22_07:05,22.7,992
24-05-22_03:05,23.0,992
24-05-21_23:05,23.8,992
24-05-21_19:05,24.4,993
24-05-21_15:05,24.0,993
24-05-21_11:05,22.4,996
24-05-21_07:05,21.8,996
24-05-21_03:05,21.8,997
24-05-20_23:05,22.2,998
24-05-20_19:05,22.9,997
24-05-20_15:05,22.6,998
24-05-20_11:05,21.8,998
24-05-20_07:05,21.7,998
24-05-20_03:05,21.8,997
24-05-19_23:05,21.9,997
24-05-19_19:05,22.3,995
24-05-19_15:05,22.4,996
24-05-19_11:05,22.1,997
24-05-19_07:05,21.9,996
24-05-19_03:05,22.1,996
24-05-18_23:05,22.5,997
24-05-18_19:05,22.9,996
24-05-18_15:05,23.3,997
24-05-18_11:05,22.8,996
24-05-18_07:05,22.1,996
24-05-18_03:05,22.4,996
24-05-17_23:05,24.0,996
24-05-17_19:05,23.5,996
24-05-17_15:05,23.4,995
24-05-17_11:05,22.4,994
24-05-17_07:05,21.7,994
24-05-17_03:05,21.8,994
24-05-16_23:05,22.0,995
24-05-16_19:05,22.5,995
24-05-16_15:05,23.0,995
24-05-16_11:05,22.1,994
24-05-16_07:05,21.6,995
24-05-16_03:05,21.6,995
24-05-15_23:05,21.8,996
24-05-15_19:05,22.9,995
24-05-15_15:05,22.3,995
24-05-15_11:05,22.1,996
24-05-15_07:05,21.1,997
24-05-15_03:05,21.4,997
24-05-14_23:05,22.8,997
24-05-14_19:05,21.7,997
24-05-14_15:05,21.8,997
24-05-14_11:05,20.9,999
24-05-14_07:05,20.8,999
24-05-14_03:05,20.8,999
24-05-13_23:05,21.3,1000
24-05-13_19:05,21.4,999
24-05-13_15:05,21.8,1001
24-05-13_11:05,21.2,1003
24-05-13_07:05,20.1,1004
24-05-13_03:05,20.2,1004
24-05-12_23:05,20.4,1004
24-05-12_19:05,20.5,1004
24-05-12_15:05,20.2,1006
24-05-12_11:05,19.3,1008
24-05-12_07:05,18.9,1008
24-05-12_03:05,19.5,1008
24-05-11_23:05,20.4,1008
24-05-11_19:05,21.2,1007
24-05-11_15:05,21.3,1008
24-05-11_11:05,21.5,1009
24-05-11_07:05,20.6,1009
24-05-11_03:05,20.7,1008
24-05-10_23:05,21.0,1009
24-05-10_19:05,21.7,1008
24-05-10_15:05,22.2,1010
24-05-10_11:05,21.6,1010
24-05-10_07:05,20.7,1010
24-05-10_03:05,20.9,1010
24-05-09_23:05,21.6,1011
24-05-09_19:05,21.2,1010
24-05-09_15:05,21.4,1011
24-05-09_11:05,21.5,1013
24-05-09_07:05,21.1,1013
24-05-09_03:05,21.6,1013
24-05-08_23:05,22.0,1013
24-05-08_19:05,22.0,1011
24-05-08_15:05,21.8,1011
24-05-08_11:05,21.8,1011
24-05-08_07:05,21.2,1009
24-05-08_03:05,21.6,1008
24-05-07_23:05,22.7,1008
24-05-07_19:05,22.9,1006
24-05-07_15:05,23.2,1005
24-05-07_11:05,22.0,1003
24-05-07_07:05,21.6,1000
24-05-07_03:05,22.0,998
24-05-06_23:05,23.1,996
24-05-06_19:05,23.2,995
24-05-06_15:05,23.0,995
24-05-06_11:05,22.3,996
24-05-06_07:05,21.6,996
24-05-06_03:05,22.2,996
24-05-05_23:05,23.3,996
24-05-05_19:05,22.5,995
24-05-05_15:05,22.8,996
24-05-05_11:05,22.2,996
24-05-05_07:05,20.9,996
24-05-05_03:05,21.0,997
24-05-04_23:05,21.2,999
24-05-04_19:05,21.9,1000
24-05-04_15:05,21.4,1002
24-05-04_11:05,21.1,1004
24-05-04_07:05,21.0,1003
24-05-04_03:05,21.1,1003
24-05-03_23:05,21.4,1001
24-05-03_19:05,21.8,999
24-05-03_15:05,22.1,997
24-05-03_11:05,22.3,996
24-05-03_07:05,21.5,994
24-05-03_03:05,21.7,991
24-05-02_23:05,22.0,989
24-05-02_19:05,22.9,988
24-05-02_15:05,22.5,988
24-05-02_11:05,22.6,989
24-05-02_07:05,21.1,990
24-05-02_03:05,22.5,991
24-05-01_23:05,22.3,992
24-05-01_19:05,21.9,993
24-05-01_15:05,21.6,994
24-05-01_11:05,20.9,996
24-05-01_07:05,20.2,997
24-05-01_03:05,20.4,998
24-04-30_23:05,20.4,1000
24-04-30_19:05,21.0,1000
24-04-30_15:05,21.3,1002
24-04-30_11:05,20.7,1004
24-04-30_07:05,19.5,1005
24-04-30_03:05,19.6,1005
24-04-29_23:05,20.2,1007
24-04-29_19:05,21.4,1007
24-04-29_15:05,20.7,1008
24-04-29_11:05,20.1,1009
24-04-29_07:05,18.9,1008
24-04-29_03:05,19.0,1005
24-04-28_23:05,19.1,1002
24-04-28_19:05,19.3,999
24-04-28_15:05,19.8,998
24-04-28_11:05,18.5,997
24-04-28_07:05,17.6,997
24-04-28_03:05,18.1,997
24-04-27_23:05,19.1,997
24-04-27_19:05,20.6,996
24-04-27_15:05,21.8,996
24-04-27_11:05,20.8,997
24-04-27_07:05,20.6,996
24-04-27_03:05,20.8,996
24-04-26_23:05,21.0,994
24-04-26_19:05,21.2,993
24-04-26_15:05,21.0,993
24-04-26_11:05,20.6,993
24-04-26_07:05,20.2,993
24-04-26_03:05,19.8,993
24-04-25_23:05,20.1,993
24-04-25_19:05,19.6,992
24-04-25_15:05,19.8,991
24-04-25_11:05,19.6,992
24-04-25_07:05,20.3,991
24-04-25_03:05,20.8,991
24-04-24_23:05,21.4,992
24-04-24_19:05,21.2,991
24-04-24_15:05,20.7,992
24-04-24_11:05,20.3,994
24-04-24_07:05,19.6,994
24-04-24_03:05,19.6,996
24-04-23_23:05,20.4,999
24-04-23_19:05,19.6,1001
24-04-23_15:05,19.7,1003
24-04-23_11:05,19.4,1006
24-04-23_07:05,20.5,1007
24-04-23_03:05,20.6,1008
24-04-22_23:05,21.3,1009
24-04-22_19:05,21.1,1009
24-04-22_15:05,21.3,1009
24-04-22_11:05,21.1,1010
24-04-22_07:05,20.0,1010
24-04-22_03:05,20.2,1010
24-04-21_23:05,21.8,1010
24-04-21_19:00,20.5,1008
24-04-21_15:00,20.5,1008
24-04-21_11:00,20.1,1007
24-04-21_07:00,20.1,1005
24-04-21_03:00,20.3,1005
24-04-20_23:00,21.8,1005
24-04-20_19:00,19.6,1004
24-04-20_15:00,20.2,1003
24-04-20_11:00,19.3,1001
24-04-20_07:00,19.4,996
24-04-20_03:00,20.7,991
24-04-19_23:00,21.8,990
24-04-19_19:00,20.2,989
24-04-19_15:00,21.5,990
24-04-19_11:00,20.7,993
24-04-19_07:00,18.7,997
24-04-19_03:00,18.9,1000
24-04-18_23:00,19.5,1002
24-04-18_19:00,19.1,1002
24-04-18_15:00,19.3,1002
24-04-18_11:00,19.2,1002
24-04-18_07:00,18.9,999
24-04-18_03:00,19.2,997
24-04-17_23:00,19.7,996
24-04-17_19:00,20.6,995
24-04-17_15:00,21.2,995
24-04-17_11:00,20.7,994
24-04-17_07:00,20.0,994
24-04-17_03:00,20.4,992
24-04-16_23:00,21.2,991
24-04-16_19:00,20.2,988
24-04-16_15:00,21.6,987
24-04-16_11:00,21.2,989
24-04-16_07:00,20.4,988
24-04-16_03:00,20.9,989
24-04-15_23:00,21.8,988
24-04-15_19:00,22.2,985
24-04-15_15:00,22.1,992
24-04-15_11:00,21.9,997
24-04-15_07:00,20.7,1000
24-04-15_03:00,21.0,1001
24-04-14_23:00,21.2,1004
24-04-14_19:00,21.6,1005
24-04-14_15:00,21.7,1006
24-04-14_11:00,21.5,1006
24-04-14_07:00,21.2,1004
24-04-14_03:00,21.3,1004
24-04-13_23:00,21.5,1006
24-04-13_19:00,21.9,1008
24-04-13_15:00,21.9,1011
24-04-13_11:00,21.7,1013
24-04-13_07:00,21.4,1013
24-04-13_03:00,21.8,1014
24-04-12_23:00,22.9,1014
24-04-12_19:00,22.4,1014
24-04-12_15:00,22.4,1016
24-04-12_11:00,22.0,1018
24-04-12_07:00,21.2,1018
24-04-12_03:00,21.5,1019
24-04-11_23:00,22.1,1019
24-04-11_19:00,22.0,1018
24-04-11_15:00,22.5,1018
24-04-11_11:00,21.9,1019
24-04-11_07:00,21.0,1019
24-04-11_03:00,21.3,1018
24-04-10_23:00,21.9,1018
24-04-10_19:00,22.2,1016
24-04-10_15:00,22.4,1015
24-04-10_11:00,22.0,1013
24-04-10_07:00,21.3,1010
24-04-10_03:00,21.4,1007
24-04-09_23:00,21.9,1005
24-04-09_19:00,21.8,1001
24-04-09_15:00,22.2,995
24-04-09_11:00,22.3,993
24-04-09_07:00,21.5,992
24-04-09_03:00,21.9,994
24-04-08_23:00,22.9,995
24-04-08_19:00,22.4,995
24-04-08_15:00,22.4,996
24-04-08_11:00,21.7,998
24-04-08_07:00,20.9,997
24-04-08_03:00,21.1,998
24-04-07_23:00,21.5,1001
24-04-07_19:00,21.9,1002
24-04-07_15:00,21.4,1003
24-04-07_11:00,21.2,1003
24-04-07_07:00,20.5,999
24-04-07_03:00,20.5,1000
24-04-06_23:00,20.8,1001
24-04-06_19:00,21.0,1000
24-04-06_15:00,21.0,1002
24-04-06_11:00,20.8,1003
24-04-06_07:00,20.2,1002
24-04-06_03:00,20.4,1001
24-04-05_23:00,20.7,1000
24-04-05_19:00,21.3,996
24-04-05_15:00,22.0,999
24-04-05_11:00,21.7,1001
24-04-05_07:00,21.3,1000
24-04-05_03:00,21.3,999
24-04-04_23:00,22.1,998
24-04-04_19:00,21.6,995
24-04-04_15:00,21.9,993
24-04-04_11:00,21.7,996
24-04-04_07:00,20.7,996
24-04-04_03:00,20.7,995
24-04-03_23:00,21.1,995
24-04-03_19:00,21.7,994
24-04-03_15:00,21.8,995
24-04-03_11:00,21.6,994
24-04-03_07:00,20.9,994
24-04-03_03:00,20.9,994
24-04-02_23:00,21.4,995
24-04-02_19:00,21.1,993
24-04-02_15:00,21.8,993
24-04-02_11:00,21.7,993
24-04-02_07:00,20.7,991
24-04-02_03:00,20.7,989
24-04-01_23:00,21.5,988
24-04-01_19:00,21.5,985
24-04-01_15:00,21.5,981
24-04-01_11:00,21.3,979
24-04-01_07:00,20.7,980
24-04-01_03:00,20.8,982
24-03-31_23:00,21.0,984
24-03-31_19:00,22.0,985
24-03-31_15:00,21.5,985
24-03-31_11:00,21.3,986
24-03-31_07:00,20.7,986
24-03-31_03:00,20.4,985
24-03-30_22:00,20.7,985
24-03-30_18:00,20.9,984
24-03-30_14:00,21.2,985
24-03-30_10:00,20.6,986
24-03-30_06:00,20.4,986
24-03-30_02:00,20.4,987
24-03-29_22:00,20.4,987
24-03-29_18:00,21.1,987
24-03-29_14:00,20.5,986
24-03-29_10:00,20.4,987
24-03-29_06:00,20.0,986
24-03-29_02:00,20.1,987
24-03-28_22:00,20.4,985
24-03-28_18:00,20.4,980
24-03-28_14:00,20.7,977
24-03-28_10:00,20.1,975
24-03-28_06:00,19.9,974
24-03-28_02:00,19.9,971
24-03-27_22:00,20.3,972
24-03-27_18:00,20.0,973
24-03-27_14:00,20.9,973
24-03-27_10:00,20.3,974
24-03-27_06:00,19.7,975
24-03-27_02:00,19.7,977
24-03-26_22:00,20.3,979
24-03-26_18:00,20.0,980
24-03-26_14:00,20.3,983
24-03-26_10:00,20.4,986
24-03-26_06:00,19.5,988
24-03-26_02:00,19.6,990
24-03-25_22:00,20.4,992
24-03-25_18:00,20.0,992
24-03-25_14:00,20.3,993
24-03-25_10:00,20.1,993
24-03-25_06:00,19.2,991
24-03-25_02:00,19.3,988
24-03-24_22:00,19.9,987
24-03-24_18:00,20.3,987
24-03-24_14:00,20.5,988
24-03-24_10:00,20.0,989
24-03-24_06:00,19.3,990
24-03-24_02:00,19.5,992
24-03-23_22:00,20.3,994
24-03-23_18:00,20.0,993
24-03-23_14:00,19.9,994
24-03-23_10:00,20.0,991
24-03-23_06:00,20.2,991
24-03-23_02:00,20.7,995
24-03-22_22:00,21.4,997
24-03-22_18:00,22.3,999
24-03-22_14:00,23.0,1001
24-03-22_10:00,22.4,1004
24-03-22_06:00,21.8,1006
24-03-22_02:00,21.7,1009
24-03-21_22:00,23.5,1010
24-03-21_18:00,20.9,1008
24-03-21_14:00,22.5,1006
24-03-21_10:00,21.8,1005
24-03-21_06:00,20.8,1004
24-03-21_02:00,20.7,1005
24-03-20_22:00,21.9,1006
24-03-20_18:00,20.5,1006
24-03-20_14:00,22.1,1006
24-03-20_10:00,20.5,1007
24-03-20_06:00,19.8,1007
24-03-20_02:00,19.8,1007
24-03-19_22:00,20.0,1008
24-03-19_18:00,20.5,1007
24-03-19_14:00,20.9,1007
24-03-19_10:00,20.5,1008
24-03-19_06:00,19.5,1007
24-03-19_02:00,19.5,1006
24-03-18_22:00,20.9,1006
24-03-18_18:00,20.2,1004
24-03-18_14:00,20.8,1004
24-03-18_10:00,19.1,1005
24-03-18_06:00,17.2,1005
24-03-18_02:00,17.5,1007
24-03-17_22:00,17.8,1008
24-03-17_18:00,18.1,1008
24-03-17_14:00,18.4,1009
24-03-17_10:00,18.3,1011
24-03-17_06:00,18.2,1010
24-03-17_02:00,18.5,1010
24-03-16_22:00,19.0,1008
24-03-16_18:00,19.3,1006
24-03-16_14:00,20.5,1002
24-03-16_10:00,19.4,1000
24-03-16_06:00,19.1,998
24-03-16_02:00,19.6,997
24-03-15_22:00,19.8,998
24-03-15_18:00,19.4,997
24-03-15_14:00,19.4,996
24-03-15_10:00,19.1,997
24-03-15_06:00,19.0,997
24-03-15_02:00,19.2,997
24-03-14_22:00,19.4,999
24-03-14_18:00,19.7,1000
24-03-14_14:00,19.8,1001
24-03-14_10:00,19.9,1003
24-03-14_06:00,19.8,1002
24-03-14_02:00,19.8,1003
24-03-13_22:00,20.6,1003
24-03-13_18:00,20.8,1002
24-03-13_14:00,20.8,1003
24-03-13_10:00,20.2,1004
24-03-13_06:00,19.6,1002
24-03-13_02:00,19.8,1003
24-03-12_22:00,20.0,1003
24-03-12_18:00,20.4,1002
24-03-12_14:00,21.1,1000
24-03-12_10:00,21.0,1000
24-03-12_06:00,20.3,998
24-03-12_02:00,20.4,997
24-03-11_22:00,21.4,996
24-03-11_18:00,20.9,994
24-03-11_14:00,20.9,992
24-03-11_10:00,20.4,990
24-03-11_06:00,19.5,987
24-03-11_02:00,19.4,985
24-03-10_22:00,19.8,984
24-03-10_18:00,20.4,986
24-03-10_14:00,20.8,987
24-03-10_10:00,19.2,988
24-03-10_06:00,18.9,988
24-03-10_02:00,19.0,989
24-03-09_22:00,19.3,991
24-03-09_18:00,19.1,990
24-03-09_14:00,18.6,992
24-03-09_10:00,18.0,994
24-03-09_06:00,18.0,995
24-03-09_02:00,18.4,998
24-03-08_22:00,19.6,999
24-03-08_18:00,19.0,1000
24-03-08_14:00,19.1,1003
24-03-08_10:00,18.0,1005
24-03-08_06:00,17.9,1006
24-03-08_02:00,18.1,1008
24-03-07_22:00,18.4,1009
24-03-07_18:00,18.9,1009
24-03-07_14:00,19.1,1010
24-03-07_10:00,18.5,1011
24-03-07_06:00,17.9,1010
24-03-07_02:00,18.0,1011
24-03-06_22:00,18.0,1011
24-03-06_18:00,18.4,1010
24-03-06_14:00,18.6,1009
24-03-06_10:00,18.4,1009
24-03-06_06:00,18.2,1007
24-03-06_02:00,18.4,1005
24-03-05_22:00,19.6,1004
24-03-05_18:00,19.8,1003
24-03-05_14:00,19.9,1001
24-03-05_10:00,19.4,1000
24-03-05_06:00,18.5,999
24-03-05_02:00,18.4,999
24-03-04_22:00,18.6,998
24-03-04_18:00,18.9,997
24-03-04_14:00,19.2,996
24-03-04_10:00,18.3,995
24-03-04_06:00,17.9,992
24-03-04_02:00,18.2,991
24-03-03_22:00,18.3,990
24-03-03_18:00,18.4,989
24-03-03_14:00,18.7,989
24-03-03_10:00,18.8,990
24-03-03_06:00,18.7,990
24-03-03_02:00,19.8,991
24-03-02_22:00,20.0,992
24-03-02_18:00,19.3,992
24-03-02_14:00,20.1,993
24-03-02_10:00,20.0,994
24-03-02_06:00,18.9,992
24-03-02_02:00,18.9,992
24-03-01_22:00,19.2,993
24-03-01_18:00,19.6,993
24-03-01_14:00,19.9,993
24-03-01_10:00,19.4,993
24-03-01_06:00,19.6,993
24-03-01_02:00,19.7,994
24-02-29_22:00,19.4,996
24-02-29_18:00,19.8,998
24-02-29_14:00,19.9,1001
24-02-29_10:00,19.6,1004
24-02-29_06:00,19.6,1005
24-02-29_02:00,19.6,1007
24-02-28_22:00,19.3,1008
24-02-28_18:00,19.5,1008
24-02-28_14:00,19.8,1008
24-02-28_10:00,19.5,1008
24-02-28_06:00,19.7,1006
24-02-28_02:00,19.6,1005
24-02-27_22:00,20.2,1004
24-02-27_18:00,20.6,1003
24-02-27_14:00,20.0,1002
24-02-27_10:00,19.8,1001
24-02-27_06:00,19.6,999
24-02-27_02:00,19.6,998
24-02-26_22:00,19.8,996
24-02-26_18:00,20.4,993
24-02-26_14:00,20.5,991
24-02-26_10:00,20.4,990
24-02-26_06:00,19.4,989
24-02-26_02:00,19.5,989
24-02-25_22:00,20.0,990
24-02-25_18:00,20.1,991
24-02-25_14:00,20.2,991
24-02-25_10:00,19.4,993
24-02-25_06:00,19.4,993
24-02-25_02:00,19.6,994
24-02-24_22:00,20.7,993
24-02-24_18:00,19.6,992
24-02-24_14:00,19.9,990
24-02-24_10:00,19.9,988
24-02-24_06:00,20.1,986
24-02-24_02:00,20.4,986
24-02-23_22:00,21.3,986
24-02-23_18:00,20.8,985
24-02-23_14:00,21.2,985
24-02-23_10:00,20.9,984
24-02-23_06:00,20.1,981
24-02-23_02:00,20.5,975
24-02-22_22:00,21.2,973
24-02-22_18:00,21.1,976
24-02-22_14:00,21.3,980
24-02-22_10:00,21.1,984
24-02-22_06:00,20.2,987
24-02-22_02:00,20.5,991
24-02-21_22:00,21.7,996
24-02-21_18:00,20.4,999
24-02-21_14:00,20.8,1003
24-02-21_10:00,20.7,1005
24-02-21_06:00,20.1,1006
24-02-21_02:00,20.5,1008
24-02-20_22:00,21.2,1010
24-02-20_18:00,21.4,1011
24-02-20_14:00,21.2,1011
24-02-20_10:00,20.9,1012
24-02-20_06:00,20.3,1009
24-02-20_02:00,20.5,1008
24-02-19_22:00,21.4,1009
24-02-19_18:00,20.7,1009
24-02-19_14:00,21.2,1009
24-02-19_10:00,20.8,1008
24-02-19_06:00,20.2,1005
24-02-19_02:00,20.5,1004
24-02-18_22:00,21.3,1006
24-02-18_18:00,21.8,1009
24-02-18_14:00,20.5,1014
24-02-18_10:00,20.6,1017
24-02-18_06:00,20.1,1019
24-02-18_02:00,20.5,1020
24-02-17_22:00,21.7,1020
24-02-17_18:00,20.3,1018
24-02-17_14:00,20.7,1016
24-02-17_10:00,20.7,1013
24-02-17_06:00,20.7,1010
24-02-17_02:00,21.5,1007
24-02-16_22:00,22.2,1005
24-02-16_18:00,22.1,1002
24-02-16_14:00,21.8,1001
24-02-16_10:00,21.4,1001
24-02-16_06:00,20.7,1001
24-02-16_02:00,21.1,1002
24-02-15_22:00,22.5,1003
24-02-15_18:00,22.3,1004
24-02-15_14:00,21.1,1005
24-02-15_10:00,20.3,1005
24-02-15_06:00,20.4,1005
24-02-15_02:00,20.5,1005
24-02-14_22:00,20.9,1005
24-02-14_18:00,21.9,1005
24-02-14_14:00,21.1,1004
24-02-14_10:00,20.6,1004
24-02-14_06:00,20.5,1004
24-02-14_02:00,20.5,1006
24-02-13_22:00,21.6,1006
24-02-13_18:00,21.3,1006
24-02-13_14:00,20.9,1005
24-02-13_10:00,20.7,1004
24-02-13_05:55,20.4,1002
24-02-13_01:55,20.7,999
24-02-12_21:55,22.1,996
24-02-12_17:55,21.5,993
24-02-12_13:55,21.1,989
24-02-12_09:55,21.1,987
24-02-12_05:55,20.0,984
24-02-12_01:55,20.0,983
24-02-11_21:55,20.0,982
24-02-11_17:55,19.9,978
24-02-11_13:55,19.9,977
24-02-11_09:55,19.9,976
24-02-11_05:55,20.0,974
24-02-11_01:55,20.0,975
24-02-10_21:55,20.0,976
24-02-10_17:55,20.2,976
24-02-10_13:55,20.3,977
24-02-10_09:55,20.1,978
24-02-10_05:55,20.1,977
24-02-10_01:55,20.2,978
24-02-09_21:55,20.5,977
24-02-09_17:55,21.6,977
24-02-09_13:55,21.1,977
24-02-09_09:55,21.1,977
24-02-09_05:55,20.3,978
24-02-09_01:55,20.4,981
24-02-08_21:55,21.3,982
24-02-08_17:55,21.6,985
24-02-08_13:55,21.1,987
24-02-08_09:55,20.8,990
24-02-08_05:55,20.3,989
24-02-08_01:55,20.7,991
24-02-07_21:55,22.2,992
24-02-07_17:55,21.5,992
24-02-07_13:55,21.7,991
24-02-07_09:55,21.3,990
24-02-07_05:55,20.8,986
24-02-07_01:55,21.1,989
24-02-06_21:55,22.6,992
24-02-06_17:55,21.8,993
24-02-06_13:55,21.8,995
24-02-06_09:55,21.2,997
24-02-06_05:55,20.6,998
24-02-06_01:55,21.0,999
24-02-05_21:55,22.1,999
24-02-05_17:55,21.5,1000
24-02-05_13:55,21.3,1001
24-02-05_09:55,20.9,1001
24-02-05_05:55,20.3,1000
24-02-05_01:55,20.4,999
24-02-04_21:55,21.5,1001
24-02-04_17:55,21.0,1003
24-02-04_13:55,20.3,1002
24-02-04_09:55,20.1,1004
24-02-04_05:55,20.3,1005
24-02-04_01:55,21.6,1007
24-02-03_21:55,21.5,1007
24-02-03_17:55,21.7,1008
24-02-03_13:55,22.2,1008
24-02-03_09:55,21.2,1008
24-02-03_05:55,21.0,1008
24-02-03_01:55,21.2,1008
24-02-02_21:55,22.4,1009
24-02-02_17:55,21.4,1007
24-02-02_13:55,21.6,1010
24-02-02_09:55,21.8,1014
24-02-02_05:55,21.0,1015
24-02-02_01:55,21.0,1016
24-02-01_21:55,22.2,1016
24-02-01_17:55,22.8,1015
24-02-01_13:55,21.2,1012
24-02-01_09:55,21.4,1011
24-02-01_05:55,20.2,1009
24-02-01_01:55,20.4,1010
24-01-31_21:55,21.8,1012
24-01-31_17:55,21.4,1016
24-01-31_13:55,21.6,1018
24-01-31_09:55,20.9,1019
24-01-31_05:55,20.2,1018
24-01-31_01:55,20.5,1017
24-01-30_21:55,21.5,1016
24-01-30_17:55,22.3,1014
24-01-30_13:55,21.4,1014
24-01-30_09:55,21.5,1015
24-01-30_05:55,21.2,1015
24-01-30_01:55,21.3,1016
24-01-29_21:55,22.1,1016
24-01-29_17:55,21.9,1015
24-01-29_13:55,20.8,1015
24-01-29_09:55,20.4,1016
24-01-29_05:55,20.1,1016
24-01-29_01:55,20.1,1017
24-01-28_21:55,20.1,1018
24-01-28_17:55,20.2,1019
24-01-28_13:55,20.8,1020
24-01-28_09:55,19.8,1021
24-01-28_05:55,20.4,1021
24-01-28_01:55,20.6,1022
24-01-27_21:55,20.8,1023
24-01-27_17:55,20.1,1022
24-01-27_13:55,21.1,1020
24-01-27_09:55,19.8,1020
24-01-27_05:55,20.3,1018
24-01-27_01:55,21.1,1016
24-01-26_21:55,21.0,1014
24-01-26_17:55,21.4,1008
24-01-26_13:55,21.0,1004
24-01-26_09:50,20.6,1008
24-01-26_05:50,20.1,1010
24-01-26_01:50,20.2,1012
24-01-25_21:50,20.6,1013
24-01-25_17:50,20.8,1013
24-01-25_13:50,21.3,1012
24-01-25_09:50,20.5,1012
24-01-25_05:50,20.4,1009
24-01-25_01:50,20.7,1007
24-01-24_21:50,21.4,1006
24-01-24_17:50,21.0,1005
24-01-24_13:50,22.7,1001
24-01-24_09:50,22.0,999
24-01-24_05:50,21.4,998
24-01-24_01:50,21.4,1002
24-01-23_21:50,22.0,1009
24-01-23_17:50,21.8,1011
24-01-23_13:50,22.2,1010
24-01-23_09:50,21.7,1008
24-01-23_05:50,21.2,1004
24-01-23_01:50,21.6,1001
24-01-22_21:50,23.0,1001
24-01-22_17:50,22.5,996
24-01-22_13:50,22.5,996
24-01-22_09:50,22.1,999
24-01-22_05:50,21.1,1001
24-01-22_01:50,21.1,1005
24-01-21_21:50,21.9,1009
24-01-21_17:50,22.4,1010
24-01-21_13:50,20.7,1010
24-01-21_09:50,21.3,1012
24-01-21_05:50,21.2,1014
24-01-21_01:50,21.5,1016
24-01-20_21:50,21.4,1017
24-01-20_17:50,21.2,1016
24-01-20_13:50,22.5,1014
24-01-20_09:50,20.4,1014
24-01-20_05:50,21.0,1012
24-01-20_01:50,21.6,1011
24-01-19_21:50,22.6,1009
24-01-19_17:50,21.7,1007
24-01-19_13:50,22.1,1004
24-01-19_09:50,21.9,1002
24-01-19_05:50,21.6,999
24-01-19_01:50,21.3,997
24-01-18_21:50,22.6,994
24-01-18_17:50,22.2,989
24-01-18_13:50,22.1,983
24-01-18_09:50,22.1,981
24-01-18_05:50,21.9,979
24-01-18_01:50,21.9,977
24-01-17_21:50,23.3,974
24-01-17_17:50,21.8,975
24-01-17_13:50,22.3,979
24-01-17_09:50,21.3,983
24-01-17_05:50,22.9,988
24-01-17_01:50,21.9,991
24-01-16_21:50,21.7,994
24-01-16_17:50,22.8,994
24-01-16_13:50,22.1,994
24-01-16_09:50,21.7,994
24-01-16_05:50,21.7,992
24-01-16_01:50,21.8,989
24-01-15_21:50,22.5,987
24-01-15_17:50,22.2,985
24-01-15_13:50,21.3,983
24-01-15_09:50,21.8,983
24-01-15_05:50,21.3,983
24-01-15_01:50,20.9,984
24-01-14_21:50,22.8,986
24-01-14_17:50,21.4,989
24-01-14_13:50,22.0,992
24-01-14_09:50,21.4,994
24-01-14_05:50,21.1,994
24-01-14_01:50,20.9,996
24-01-13_21:50,22.6,999
24-01-13_17:50,22.0,1001
24-01-13_13:50,21.0,1003
24-01-13_09:50,21.1,1006
24-01-13_05:50,21.0,1008
24-01-13_01:50,21.0,1011
24-01-12_21:50,21.3,1012
24-01-12_17:50,21.1,1014
24-01-12_13:50,21.0,1015
24-01-12_09:50,20.3,1016
24-01-12_05:50,20.8,1017
24-01-12_01:50,21.1,1017
24-01-11_21:50,21.6,1017
24-01-11_17:50,21.7,1016
24-01-11_13:50,20.8,1016
24-01-11_09:50,21.6,1017
24-01-11_05:50,21.4,1018
24-01-11_01:50,21.2,1017
24-01-10_21:50,22.1,1017
24-01-10_17:50,22.2,1017
24-01-10_13:50,21.9,1017
24-01-10_09:50,21.5,1018
24-01-10_05:50,21.6,1018
24-01-10_01:50,21.6,1019
24-01-09_21:50,21.5,1020
24-01-09_17:50,22.5,1021
24-01-09_13:50,22.0,1021
24-01-09_09:50,21.3,1022
24-01-09_05:50,21.9,1021
24-01-09_01:50,22.0,1022
24-01-08_21:50,23.2,1021
24-01-08_17:50,22.3,1020
24-01-08_13:50,22.3,1017
24-01-08_09:50,22.1,1017
24-01-08_05:50,21.5,1014
24-01-08_01:50,21.8,1012
24-01-07_21:50,23.1,1011
24-01-07_17:50,21.7,1009
24-01-07_13:50,21.1,1008
24-01-07_09:50,20.5,1007
24-01-07_05:50,20.3,1004
24-01-07_01:50,21.1,1002
24-01-06_21:50,20.8,1000
24-01-06_17:50,21.0,998
24-01-06_13:50,20.8,996
24-01-06_09:50,20.5,994
24-01-06_05:50,20.8,992
24-01-06_01:50,21.1,990
24-01-05_21:50,22.0,990
24-01-05_17:50,22.0,989
24-01-05_13:50,22.1,988
24-01-05_09:50,21.9,989
24-01-05_05:50,20.9,991
24-01-05_01:50,20.9,993
24-01-04_21:50,21.8,993
24-01-04_17:50,21.3,991
24-01-04_13:50,20.9,987
24-01-04_09:50,21.3,984
24-01-04_05:50,21.1,980
24-01-04_01:50,21.2,979
24-01-03_21:50,21.0,979
24-01-03_17:50,21.5,979
24-01-03_13:50,21.9,979
24-01-03_09:50,21.3,980
24-01-03_05:50,20.9,978
24-01-03_01:50,20.8,977
24-01-02_21:50,21.7,978
24-01-02_17:50,20.7,982
24-01-02_13:50,20.8,982
24-01-02_09:50,20.3,987
24-01-02_05:50,21.0,991
24-01-02_01:50,20.8,995
24-01-01_21:50,21.6,996
24-01-01_17:50,21.3,994
24-01-01_13:50,21.6,992
24-01-01_09:50,21.1,992
24-01-01_05:50,21.1,991
24-01-01_01:50,21.4,992
23-12-31_21:50,21.0,991
23-12-31_17:50,21.7,990
23-12-31_13:50,21.3,990
23-12-31_09:50,21.3,994
23-12-31_05:50,21.8,996
23-12-31_01:50,21.7,999
23-12-30_21:50,21.3,1000
23-12-30_17:50,21.8,1001
23-12-30_13:50,21.2,1000
23-12-30_09:50,21.1,999
23-12-30_05:50,20.3,997
23-12-30_01:50,20.4,995
23-12-29_21:50,20.9,995
23-12-29_17:50,20.5,995
23-12-29_13:50,20.6,996
23-12-29_09:50,20.8,996
23-12-29_05:50,20.6,996
23-12-29_01:50,20.8,998
23-12-28_21:50,21.6,1000
23-12-28_17:50,20.3,1000
23-12-28_13:50,21.4,1001
23-12-28_09:50,20.3,1001
23-12-28_05:50,20.2,1000
23-12-28_01:50,20.5,999
23-12-27_21:50,20.8,1001
23-12-27_17:50,21.6,1003
23-12-27_13:50,20.4,1006
23-12-27_09:50,20.1,1009
23-12-27_05:50,20.1,1009
23-12-27_01:50,19.7,1008
23-12-26_21:50,20.3,1004
23-12-26_17:50,19.9,1001
23-12-26_13:50,20.3,998
23-12-26_09:50,21.1,995
23-12-26_05:50,20.3,991
23-12-26_01:50,20.3,992
23-12-25_21:50,19.1,994
23-12-25_17:50,17.4,994
23-12-25_13:50,17.4,992
23-12-25_09:50,17.5,991
23-12-25_05:50,17.6,988
23-12-25_01:50,17.7,988
23-12-24_21:50,17.8,987
23-12-24_17:50,17.9,987
23-12-24_13:50,18.1,988
23-12-24_09:50,18.1,989
23-12-24_05:50,18.3,990
23-12-24_01:50,18.6,990
23-12-23_21:50,19.2,991
23-12-23_17:50,20.6,990
23-12-23_13:50,21.2,988
23-12-23_09:50,21.1,987
23-12-23_05:50,20.6,990
23-12-23_01:50,21.0,987
23-12-22_21:50,22.0,984
23-12-22_17:50,21.6,981
23-12-22_13:50,21.9,982
23-12-22_09:50,21.4,982
23-12-22_05:50,20.4,979
23-12-22_01:50,20.8,979
23-12-21_21:50,21.3,976
23-12-21_17:50,20.8,975
23-12-21_13:50,21.2,974
23-12-21_09:50,21.1,981
23-12-21_05:50,20.7,987
23-12-21_01:50,20.8,990
23-12-20_21:50,21.1,995
23-12-20_17:50,20.9,996
23-12-20_13:50,21.8,996
23-12-20_09:50,20.2,999
23-12-20_05:50,19.9,997
23-12-20_01:50,20.0,998
23-12-19_21:50,20.2,999
23-12-19_17:50,21.2,1001
23-12-19_13:50,21.1,1003
23-12-19_09:50,20.8,1007
23-12-19_05:50,19.8,1009
23-12-19_01:50,20.2,1010
23-12-18_21:50,21.2,1012
23-12-18_17:50,20.4,1014
23-12-18_13:50,20.5,1015
23-12-18_09:50,20.1,1017
23-12-18_05:50,19.3,1017
23-12-18_01:50,19.4,1017
23-12-17_21:50,19.6,1019
23-12-17_17:50,19.8,1019
23-12-17_13:50,20.1,1020
23-12-17_09:50,19.7,1022
23-12-17_05:50,19.8,1022
23-12-17_01:50,20.1,1022
23-12-16_21:50,20.1,1022
23-12-16_17:50,20.2,1022
23-12-16_13:50,20.1,1023
23-12-16_09:50,19.8,1025
23-12-16_05:50,19.8,1024
23-12-16_01:50,19.7,1023
23-12-15_21:50,19.9,1022
23-12-15_17:50,20.2,1020
23-12-15_13:50,20.2,1019
23-12-15_09:50,19.9,1017
23-12-15_05:50,19.6,1015
23-12-15_01:50,19.8,1013
23-12-14_21:50,21.6,1009
23-12-14_17:50,20.2,1006
23-12-14_13:50,19.8,1002
23-12-14_09:50,20.0,999
23-12-14_05:50,20.1,995
23-12-14_01:50,20.3,992
23-12-13_21:50,20.2,989
23-12-13_17:50,20.4,986
23-12-13_13:50,20.2,985
23-12-13_09:50,20.3,985
23-12-13_05:50,20.2,985
23-12-13_01:50,20.5,986
23-12-12_21:50,20.9,989
23-12-12_17:50,20.9,991
23-12-12_13:50,20.8,993
23-12-12_09:50,20.5,995
23-12-12_05:50,19.9,994
23-12-12_01:50,20.0,994
23-12-11_21:50,20.5,991
23-12-11_17:50,20.6,987
23-12-11_13:50,20.5,985
23-12-11_09:50,20.1,986
23-12-11_05:50,19.9,987
23-12-11_01:50,20.1,986
23-12-10_21:50,20.4,990
23-12-10_17:50,20.7,993
23-12-10_13:50,20.3,992
23-12-10_09:50,20.9,991
23-12-10_05:50,19.6,989
23-12-10_01:50,19.6,985
23-12-09_21:50,19.9,986
23-12-09_17:50,19.5,991
23-12-09_13:50,19.4,996
23-12-09_09:50,19.6,1000
23-12-09_05:50,19.5,1000
23-12-09_01:50,19.6,1000
23-12-08_21:50,19.9,999
23-12-08_17:50,20.0,997
23-12-08_13:50,20.3,997
23-12-08_09:50,20.9,998
23-12-08_05:50,19.3,999
23-12-08_01:50,19.7,1002
23-12-07_21:50,20.6,1005
23-12-07_17:50,20.3,1006
23-12-07_13:50,20.4,1006
23-12-07_09:50,20.1,1007
23-12-07_05:50,19.9,1005
23-12-07_01:50,19.8,1004
23-12-06_21:50,19.6,1003
23-12-06_17:50,20.8,1000
23-12-06_13:50,20.1,998
23-12-06_09:50,19.8,997
23-12-06_05:50,19.7,995
23-12-06_01:50,19.8,995
23-12-05_21:50,20.3,995
23-12-05_17:50,19.6,994
23-12-05_13:50,19.2,993
23-12-05_09:50,19.4,993
23-12-05_05:50,19.4,993
23-12-05_01:50,19.4,994
23-12-04_21:50,20.7,996
23-12-04_17:50,20.0,998
23-12-04_13:50,19.9,1001
23-12-04_09:50,19.6,1003
23-12-04_05:50,19.2,1005
23-12-04_01:50,19.1,1007
23-12-03_21:50,20.1,1008
23-12-03_17:50,20.3,1009
23-12-03_13:50,19.7,1008
23-12-03_09:50,20.2,1007
23-12-03_05:50,19.3,1005
23-12-03_01:50,19.3,1004
23-12-02_21:50,20.2,1002
23-12-02_17:50,19.1,1000
23-12-02_13:50,19.0,997
23-12-02_09:50,19.5,996
23-12-02_05:50,18.8,994
23-12-02_01:50,19.3,994
23-12-01_21:50,19.8,994
23-12-01_17:50,19.7,993
23-12-01_13:50,19.6,992
23-12-01_09:50,19.8,992
23-12-01_05:50,19.3,989
23-12-01_01:50,19.6,989
23-11-30_21:50,20.6,988
23-11-30_17:50,20.0,988
23-11-30_13:50,20.0,988
23-11-30_09:50,20.1,990
23-11-30_05:50,19.9,989
23-11-30_01:50,19.6,990
23-11-29_21:50,19.7,990
23-11-29_17:50,20.6,988
23-11-29_13:50,19.9,987
23-11-29_09:50,19.9,989
23-11-29_05:50,19.7,990
23-11-29_01:50,19.5,992
23-11-28_21:50,20.1,993
23-11-28_17:50,19.9,991
23-11-28_13:50,20.3,987
23-11-28_09:50,20.2,984
23-11-28_05:50,20.0,980
23-11-28_01:50,20.1,980
23-11-27_21:50,20.1,982
23-11-27_17:50,20.5,986
23-11-27_13:50,20.7,989
23-11-27_09:50,20.4,993
23-11-27_05:50,20.2,994
23-11-27_01:50,19.9,996
23-11-26_21:50,20.3,998
23-11-26_17:50,20.8,998
23-11-26_13:50,19.7,999
23-11-26_09:50,20.4,1000
23-11-26_05:50,19.8,998
23-11-26_01:50,19.6,997
23-11-25_21:50,20.6,995
23-11-25_17:50,20.0,992
23-11-25_13:50,19.9,990
23-11-25_09:50,19.5,992
23-11-25_05:50,19.4,992
23-11-25_01:50,19.3,989
23-11-24_21:50,20.8,985
23-11-24_17:50,19.7,985
23-11-24_13:50,19.5,987
23-11-24_09:50,19.7,990
23-11-24_05:50,19.6,991
23-11-24_01:50,19.5,991
23-11-23_21:50,19.7,991
23-11-23_17:50,19.6,996
23-11-23_13:50,19.8,1000
23-11-23_09:50,19.6,1004
23-11-23_05:50,19.5,1006
23-11-23_01:50,19.6,1009
23-11-22_21:50,19.4,1012
23-11-22_17:50,20.1,1015
23-11-22_13:50,20.7,1014
23-11-22_09:50,19.9,1015
23-11-22_05:50,19.5,1013
23-11-22_01:50,20.0,1010
23-11-21_21:50,20.5,1008
23-11-21_17:45,19.8,1005
23-11-21_13:45,19.8,1002
23-11-21_09:45,19.7,999
23-11-21_05:45,19.5,997
23-11-21_01:45,19.5,996
23-11-20_21:45,19.9,995
23-11-20_17:45,19.9,995
23-11-20_13:45,20.2,994
23-11-20_09:45,20.3,994
23-11-20_05:45,19.6,993
23-11-20_01:45,19.8,994
23-11-19_21:45,19.2,995
23-11-19_17:45,19.1,995
23-11-19_13:45,19.2,994
23-11-19_09:45,20.0,995
23-11-19_05:45,19.5,995
23-11-19_01:45,19.2,1000
23-11-18_21:45,19.6,1005
23-11-18_17:45,19.3,1008
23-11-18_13:45,19.4,1010
23-11-18_09:45,19.6,1012
23-11-18_05:45,19.4,1011
23-11-18_01:45,19.4,1010
23-11-17_21:45,19.8,1008
23-11-17_17:45,20.4,1006
23-11-17_13:45,20.3,1003
23-11-17_09:45,20.3,1003
23-11-17_05:45,19.5,1000
23-11-17_01:45,19.8,998
23-11-16_21:45,21.1,996
23-11-16_17:45,20.6,997
23-11-16_13:45,20.6,998
23-11-16_09:45,19.8,1000
23-11-16_05:45,19.8,1001
23-11-16_01:45,20.0,1001
23-11-15_21:45,20.2,1002
23-11-15_17:45,22.2,1001
23-11-15_13:45,21.6,998
23-11-15_09:45,21.0,997
23-11-15_05:45,20.6,993
23-11-15_01:45,20.8,988
23-11-14_21:45,22.8,988
23-11-14_17:45,22.7,989
23-11-14_13:45,22.0,990
23-11-14_09:45,21.5,990
23-11-14_05:45,21.2,989
23-11-14_01:45,21.2,988
23-11-13_21:45,21.6,986
23-11-13_17:45,21.6,987
23-11-13_13:45,21.9,993
23-11-13_09:45,21.5,996
23-11-13_05:45,20.4,997
23-11-13_01:45,20.6,997
23-11-12_21:45,20.8,996
23-11-12_17:45,20.6,994
23-11-12_13:45,21.0,994
23-11-12_09:45,21.0,994
23-11-12_05:45,20.7,992
23-11-12_01:45,20.9,992
23-11-11_21:45,21.0,992
23-11-11_17:45,21.2,991
23-11-11_13:45,21.5,989
23-11-11_09:45,21.8,987
23-11-11_05:45,22.8,986
23-11-11_01:45,23.2,987
23-11-10_21:45,24.4,988
23-11-10_17:45,24.1,988
23-11-10_13:45,23.1,986
23-11-10_09:45,23.1,987
23-11-10_05:45,23.2,987
23-11-10_01:45,23.2,988
23-11-09_21:45,24.2,988
23-11-09_17:45,21.2,991
23-11-09_13:45,21.1,991
23-11-09_09:45,20.9,992
23-11-09_05:45,20.0,993
23-11-09_01:45,20.2,996
23-11-08_21:45,20.3,999
23-11-08_17:45,20.6,1000
23-11-08_13:45,20.3,1001
23-11-08_09:45,20.4,1001
23-11-08_05:45,20.7,999
23-11-08_01:45,21.1,999
23-11-07_21:45,22.7,999
23-11-07_17:45,20.9,998
23-11-07_13:45,20.6,997
23-11-07_09:45,20.5,997
23-11-07_05:45,20.8,997
23-11-07_01:45,21.0,996
23-11-06_21:45,21.8,993
23-11-06_17:45,20.9,992
23-11-06_13:45,21.7,991
23-11-06_09:45,21.6,988
23-11-06_05:45,20.8,985
23-11-06_01:45,20.7,982
23-11-05_21:45,21.2,977
23-11-05_17:45,20.9,970
23-11-05_13:45,21.6,967
23-11-05_09:45,21.0,965
23-11-05_05:45,19.9,966
23-11-05_01:45,19.9,967
23-11-04_21:45,20.2,969
23-11-04_17:45,20.3,971
23-11-04_13:45,20.4,975
23-11-04_09:45,20.0,977
23-11-04_05:45,20.1,979
23-11-04_01:45,20.2,978
23-11-03_21:45,20.6,977
23-11-03_17:45,21.5,975
23-11-03_13:45,21.1,974
23-11-03_09:45,20.8,974
23-11-03_05:45,20.7,973
23-11-03_01:45,20.5,972
23-11-02_21:45,20.6,974
23-11-02_17:45,20.8,974
23-11-02_13:45,21.5,975
23-11-02_09:45,21.2,979
23-11-02_05:45,20.7,983
23-11-02_01:45,20.6,986
23-11-01_21:45,21.3,989
23-11-01_17:45,21.6,989
23-11-01_13:45,21.6,992
23-11-01_09:45,21.4,994
23-11-01_05:45,20.7,994
23-11-01_01:45,21.1,994
23-10-31_21:45,21.4,993
23-10-31_17:45,21.2,991
23-10-31_13:45,21.9,988
23-10-31_09:45,20.9,985
23-10-31_05:45,21.3,982
23-10-31_01:45,21.3,983
23-10-30_21:45,22.1,985
23-10-30_17:45,21.5,987
23-10-30_13:45,22.0,990
23-10-30_09:45,22.0,992
23-10-30_05:45,21.5,991
23-10-30_01:45,21.4,990
23-10-29_21:45,21.8,988
23-10-29_17:45,20.2,986
23-10-29_13:45,20.5,987
23-10-29_09:45,20.3,987
23-10-29_05:45,20.2,987
23-10-29_02:45,20.2,989
23-10-28_22:45,20.4,990
23-10-28_18:45,20.5,989
23-10-28_14:45,21.3,988
23-10-28_10:45,20.9,987
23-10-28_06:45,20.4,985
23-10-28_02:45,20.5,984
23-10-27_22:45,20.7,982
23-10-27_18:45,20.4,982
23-10-27_14:45,21.5,980
23-10-27_10:45,21.6,980
23-10-27_06:45,20.8,979
23-10-27_02:45,20.7,980
23-10-26_22:45,20.8,982
23-10-26_18:45,22.1,983
23-10-26_14:45,21.6,982
23-10-26_10:45,22.0,982
23-10-26_06:45,20.6,980
23-10-26_02:45,21.1,980
23-10-25_22:45,22.1,981
23-10-25_18:45,20.8,984
23-10-25_14:45,21.6,987
23-10-25_10:45,20.4,990
23-10-25_06:45,20.0,990
23-10-25_02:45,20.1,990
23-10-24_22:45,20.4,990
23-10-24_18:45,20.1,990
23-10-24_14:45,20.8,991
23-10-24_10:45,20.6,992
23-10-24_06:45,19.3,994
23-10-24_02:45,19.4,995
23-10-23_22:45,19.4,997
23-10-23_18:45,20.6,999
23-10-23_14:45,20.6,1001
23-10-23_10:45,20.2,1002
23-10-23_06:45,18.9,1001
23-10-23_02:45,19.4,1000
23-10-22_22:45,19.3,999
23-10-22_18:45,19.4,998
23-10-22_14:45,19.6,995
23-10-22_10:45,19.4,994
23-10-22_06:45,19.0,993
23-10-22_02:45,19.3,992
23-10-21_22:45,20.0,991
23-10-21_18:45,20.1,988
23-10-21_14:45,19.4,986
23-10-21_10:45,18.8,983
23-10-21_06:45,18.5,979
23-10-21_02:45,18.6,978
23-10-20_22:45,18.7,975
23-10-20_18:45,18.7,973
23-10-20_14:45,19.4,972
23-10-20_10:45,19.2,974
23-10-20_06:45,18.5,976
23-10-20_02:45,18.7,979
23-10-19_22:45,18.8,981
23-10-19_18:45,19.1,982
23-10-19_14:45,19.6,983
23-10-19_10:45,19.2,984
23-10-19_06:45,18.0,985
23-10-19_02:45,18.2,988
23-10-18_22:45,18.6,992
23-10-18_18:45,19.0,995
23-10-18_14:45,19.2,998
23-10-18_10:45,18.9,1001
23-10-18_06:45,18.5,1003
23-10-18_02:45,18.8,1004
23-10-17_22:45,19.0,1005
23-10-17_18:45,19.4,1006
23-10-17_14:45,20.0,1007
23-10-17_10:45,19.8,1008
23-10-17_06:45,19.2,1007
23-10-17_02:45,19.6,1008
23-10-16_22:45,19.7,1008
23-10-16_18:45,20.1,1007
23-10-16_14:45,20.5,1007
23-10-16_10:45,20.2,1008
23-10-16_06:45,19.5,1008
23-10-16_02:45,19.9,1008
23-10-15_22:45,20.2,1008
23-10-15_18:45,20.4,1005
23-10-15_14:45,21.3,1003
23-10-15_10:45,20.6,1003
23-10-15_06:45,20.8,1002
23-10-15_02:45,21.1,1002
23-10-14_22:45,21.3,1001
23-10-14_18:45,22.7,999
23-10-14_14:45,21.9,997
23-10-14_10:45,21.8,995
23-10-14_06:45,22.0,988
23-10-14_02:45,22.2,991
23-10-13_22:45,23.5,992
23-10-13_18:45,22.4,994
23-10-13_14:45,22.8,996
23-10-13_10:45,21.8,999
23-10-13_06:45,21.5,1000
23-10-13_02:45,21.5,1001
23-10-12_22:45,21.8,1002
23-10-12_18:45,22.0,1001
23-10-12_14:45,22.2,1002
23-10-12_10:45,23.2,1001
23-10-12_06:45,21.8,998
23-10-12_02:45,22.2,998
23-10-11_22:45,21.9,999
23-10-11_18:45,22.6,999
23-10-11_14:45,22.7,1000
23-10-11_10:45,21.3,1001
23-10-11_06:45,21.4,1001
23-10-11_02:45,21.7,1003
23-10-10_22:45,22.8,1004
23-10-10_18:45,22.9,1005
23-10-10_14:45,22.5,1006
23-10-10_10:45,22.4,1007
23-10-10_06:45,21.3,1006
23-10-10_02:45,21.5,1006
23-10-09_22:45,22.0,1005
23-10-09_18:45,22.3,1004
23-10-09_14:45,22.2,1003
23-10-09_10:45,21.6,1005
23-10-09_06:45,21.1,1004
23-10-09_02:45,21.1,1007
23-10-08_22:45,21.3,1011
23-10-08_18:45,21.1,1013
23-10-08_14:45,21.2,1013
23-10-08_10:45,21.3,1012
23-10-08_06:45,21.3,1008
23-10-08_02:45,21.6,1004
23-10-07_22:45,21.9,1004
23-10-07_18:45,22.0,1004
23-10-07_14:45,21.9,1004
23-10-07_10:45,21.6,1006
23-10-07_06:45,21.4,1005
23-10-07_02:45,21.5,1006
23-10-06_22:45,22.2,1007
23-10-06_18:45,22.3,1008
23-10-06_14:45,22.2,1010
23-10-06_10:45,22.2,1012
23-10-06_06:45,21.4,1012
23-10-06_02:45,21.5,1012
23-10-05_22:45,22.0,1012
23-10-05_18:45,21.9,1011
23-10-05_14:45,22.5,1010
23-10-05_10:45,22.3,1010
23-10-05_06:45,21.6,1009
23-10-05_02:45,23.0,1011
23-10-04_22:45,21.6,1011
23-10-04_18:45,22.3,1012
23-10-04_14:45,22.5,1012
23-10-04_10:45,22.5,1013
23-10-04_06:45,22.4,1011
23-10-04_02:45,22.4,1011
23-10-03_22:45,22.8,1008
23-10-03_18:45,23.4,1001
23-10-03_14:45,23.7,999
23-10-03_10:45,23.0,998
23-10-03_06:45,22.2,1000
23-10-03_02:45,22.4,1003
23-10-02_22:45,22.8,1005
23-10-02_18:45,23.0,1006
23-10-02_14:45,23.0,1007
23-10-02_10:45,22.4,1009
23-10-02_06:45,22.1,1009
23-10-02_02:45,22.3,1009
23-10-01_22:45,22.6,1010
23-10-01_18:45,22.9,1009
23-10-01_14:45,23.0,1011
23-10-01_10:45,22.6,1011
23-10-01_06:45,22.3,1011
23-10-01_02:45,22.0,1012
23-09-30_22:45,22.3,1012
23-09-30_18:45,22.4,1012
23-09-30_14:45,22.5,1012
23-09-30_10:45,22.3,1013
23-09-30_06:45,22.5,1011
23-09-30_02:45,22.7,1009
23-09-29_22:45,23.2,1005
23-09-29_18:45,23.1,1003
23-09-29_14:45,22.7,1004
23-09-29_10:45,22.3,1005
23-09-29_06:45,22.1,1004
23-09-29_02:45,22.2,1005
23-09-28_22:45,22.3,1005
23-09-28_18:45,22.5,1004
23-09-28_14:45,22.5,1005
23-09-28_10:45,22.2,1005
23-09-28_06:45,21.8,1003
23-09-28_02:45,22.1,1004
23-09-27_22:45,22.0,1004
23-09-27_18:45,22.3,1005
23-09-27_14:45,22.2,1006
23-09-27_10:45,21.9,1009
23-09-27_06:45,21.8,1008
23-09-27_02:45,21.8,1007
23-09-26_22:45,21.8,1007
23-09-26_18:45,22.2,1007
23-09-26_14:45,22.0,1007
23-09-26_10:45,21.9,1010
23-09-26_06:45,21.8,1010
23-09-26_02:45,22.0,1011
23-09-25_22:45,22.2,1011
23-09-25_18:45,22.3,1010
23-09-25_14:45,22.5,1012
23-09-25_10:45,22.2,1013
23-09-25_06:45,22.1,1013
23-09-25_02:45,22.4,1014
23-09-24_22:45,22.7,1015
23-09-24_18:45,22.8,1013
23-09-24_14:45,23.2,1014
23-09-24_10:45,23.2,1014
23-09-24_06:45,23.0,1012
23-09-24_02:45,23.2,1009
23-09-23_22:45,23.7,1008
23-09-23_18:45,23.6,1005
23-09-23_14:45,23.6,1002
23-09-23_10:45,23.4,1000
23-09-23_06:45,23.4,997
23-09-23_02:45,23.7,995
23-09-22_22:45,23.9,994
23-09-22_18:45,24.2,993
23-09-22_14:45,24.6,992
23-09-22_10:45,24.2,992
23-09-22_06:45,23.8,989
23-09-22_02:45,23.9,987
23-09-21_22:45,24.5,985
23-09-21_18:45,24.6,987
23-09-21_14:45,24.2,989
23-09-21_10:45,24.3,992
23-09-21_06:45,23.4,992
23-09-21_02:45,23.7,994
23-09-20_22:45,24.4,995
23-09-20_18:45,24.6,996
23-09-20_14:45,25.0,998
23-09-20_10:45,24.0,1000
23-09-20_06:45,23.0,999
23-09-20_02:45,23.1,999
23-09-19_22:45,23.3,1000
23-09-19_18:45,23.5,999
23-09-19_14:45,23.6,999
23-09-19_10:45,23.4,999
23-09-19_06:45,23.2,996
23-09-19_02:45,23.1,994
23-09-18_22:45,23.4,995
23-09-18_18:45,23.7,995
23-09-18_14:45,23.7,996
23-09-18_10:45,23.5,995
23-09-18_06:45,23.3,997
23-09-18_02:45,23.5,999
23-09-17_22:45,23.6,1000
23-09-17_18:45,23.8,1001
23-09-17_14:45,23.6,1002
23-09-17_10:45,23.5,1003
23-09-17_06:45,23.5,1002
23-09-17_02:45,23.6,1002
23-09-16_22:45,24.0,1002
23-09-16_18:45,25.2,1001
23-09-16_14:45,24.9,1002
23-09-16_10:45,24.4,1004
23-09-16_06:45,23.6,1004
23-09-16_02:45,24.0,1005
23-09-15_22:45,25.6,1005
23-09-15_18:45,25.0,1005
23-09-15_14:45,25.0,1007
23-09-15_10:45,23.9,1009
23-09-15_06:45,24.0,1009
23-09-15_02:45,24.2,1009
23-09-14_22:45,24.2,1010
23-09-14_18:45,24.5,1009
23-09-14_14:45,24.7,1010
23-09-14_10:45,24.5,1010
23-09-14_06:45,24.5,1009
23-09-14_02:45,24.7,1008
23-09-13_22:45,24.9,1006
23-09-13_18:45,25.2,1002
23-09-13_14:45,25.2,1002
23-09-13_10:45,25.1,1001
23-09-13_06:45,25.0,998
23-09-13_02:45,25.1,998
23-09-12_22:45,25.3,999
23-09-12_18:45,25.8,998
23-09-12_14:45,26.1,1000
23-09-12_10:45,25.8,1000
23-09-12_06:45,24.8,999
23-09-12_02:45,24.9,1000
23-09-11_22:45,25.3,1000
23-09-11_18:45,25.5,1000
23-09-11_14:45,25.9,1001
23-09-11_10:45,25.1,1002
23-09-11_06:45,24.6,1002
23-09-11_02:45,24.8,1003
23-09-10_22:45,25.1,1004
23-09-10_18:45,25.4,1003
23-09-10_14:45,25.8,1004
23-09-10_10:45,25.3,1005
23-09-10_06:45,24.1,1005
23-09-10_02:45,24.2,1004
23-09-09_22:45,24.7,1004
23-09-09_18:45,25.4,1004
23-09-09_14:45,25.0,1004
23-09-09_10:45,24.5,1005
23-09-09_06:45,23.2,1005
23-09-09_02:45,23.4,1005
23-09-08_22:45,23.9,1005
23-09-08_18:45,23.8,1005
23-09-08_14:45,24.4,1006
23-09-08_10:45,23.9,1007
23-09-08_06:45,22.9,1008
23-09-08_02:45,23.1,1008
23-09-07_22:45,24.0,1009
23-09-07_18:45,23.2,1008
23-09-07_14:45,23.2,1009
23-09-07_10:45,22.6,1010
23-09-07_06:45,22.5,1010
23-09-07_02:45,22.6,1010
23-09-06_22:45,22.7,1010
23-09-06_18:45,23.1,1009
23-09-06_14:45,23.0,1009
23-09-06_10:45,22.5,1010
23-09-06_06:45,22.0,1009
23-09-06_02:45,22.5,1009
23-09-05_22:45,23.5,1009
23-09-05_18:45,23.7,1008
23-09-05_14:45,23.6,1010
23-09-05_10:45,23.1,1011
23-09-05_06:45,22.7,1011
23-09-05_02:45,22.6,1012
23-09-04_22:45,23.4,1013
23-09-04_18:45,23.2,1013
23-09-04_14:45,23.4,1015
23-09-04_10:45,23.0,1016
23-09-04_06:45,22.1,1016
23-09-04_02:45,22.3,1016
23-09-03_22:45,22.5,1015
23-09-03_18:45,22.5,1014
23-09-03_14:45,23.2,1014
23-09-03_10:45,23.0,1014
23-09-03_06:45,22.5,1011
23-09-03_02:45,22.6,1010
23-09-02_22:45,23.4,1009
23-09-02_18:45,23.4,1008
23-09-02_14:45,23.5,1008
23-09-02_10:45,23.8,1007
23-09-02_06:45,22.4,1005
23-09-02_02:45,22.8,1004
23-09-01_22:45,23.3,1003
23-09-01_18:45,23.1,1001
23-09-01_14:45,23.5,1001
23-09-01_10:45,23.2,1002
23-09-01_06:45,22.2,1001
23-09-01_02:45,22.4,1000
23-08-31_22:45,23.3,1000
23-08-31_18:45,22.3,998
23-08-31_14:45,23.2,997
23-08-31_10:45,22.9,998
23-08-31_06:45,22.8,996
23-08-31_02:45,22.9,994
23-08-30_22:45,23.1,993
23-08-30_18:45,23.1,993
23-08-30_14:45,23.8,994
23-08-30_10:45,23.3,995
23-08-30_06:45,21.5,995
23-08-30_02:45,21.9,995
23-08-29_22:45,22.4,996
23-08-29_18:45,24.1,996
23-08-29_14:45,24.7,996
23-08-29_10:45,24.1,996
23-08-29_06:45,23.6,995
23-08-29_02:45,23.8,997
23-08-28_22:45,24.5,998
23-08-28_18:45,24.6,998
23-08-28_14:45,24.7,998
23-08-28_10:45,24.0,999
23-08-28_06:45,22.3,999
23-08-28_02:45,23.1,998
23-08-27_22:45,23.9,997
23-08-27_18:45,24.6,996
23-08-27_14:45,25.2,997
23-08-27_10:45,24.6,997
23-08-27_06:45,24.8,997
23-08-27_02:45,24.9,998
23-08-26_22:45,25.1,999
23-08-26_18:45,25.3,999
23-08-26_14:45,25.9,998
23-08-26_10:45,25.7,998
23-08-26_06:45,24.7,996
23-08-26_02:45,24.9,996
23-08-25_22:45,24.8,997
23-08-25_18:45,26.9,996
23-08-25_14:45,27.2,997
23-08-25_10:45,26.7,997
23-08-25_06:45,26.3,996
23-08-25_02:45,26.0,997
23-08-24_22:45,26.0,998
23-08-24_18:45,26.2,1000
23-08-24_14:45,26.2,1003
23-08-24_10:45,25.7,1005
23-08-24_06:45,25.1,1006
23-08-24_02:45,25.2,1006
23-08-23_22:45,26.2,1007
23-08-23_18:45,26.7,1005
23-08-23_14:45,27.0,1006
23-08-23_10:45,26.6,1007
23-08-23_06:45,25.8,1007
23-08-23_02:45,25.8,1007
23-08-22_22:45,26.5,1007
23-08-22_18:45,27.0,1006
23-08-22_14:45,27.0,1006
23-08-22_10:45,26.3,1006
23-08-22_06:45,25.1,1006
23-08-22_02:45,26.2,1007
23-08-21_22:45,26.3,1008
23-08-21_18:45,27.7,1008
23-08-21_14:45,27.2,1009
23-08-21_10:45,27.0,1010
23-08-21_06:45,26.3,1009
23-08-21_02:45,26.5,1009
23-08-20_22:45,26.7,1009
23-08-20_18:45,26.8,1008
23-08-20_14:45,26.7,1009
23-08-20_10:45,26.1,1010
23-08-20_06:45,26.0,1008
23-08-20_02:45,26.2,1007
23-08-19_22:45,26.4,1005
23-08-19_18:45,26.5,1004
23-08-19_14:45,26.5,1004
23-08-19_10:45,26.3,1005
23-08-19_06:45,25.5,1004
23-08-19_02:45,25.7,1004
23-08-18_22:45,26.8,1004
23-08-18_18:45,26.5,1004
23-08-18_14:45,26.4,1005
23-08-18_10:45,25.8,1006
23-08-18_06:45,24.8,1005
23-08-18_02:45,25.2,1005
23-08-17_22:45,26.0,1005
23-08-17_18:45,25.8,1004
23-08-17_14:45,26.1,1005
23-08-17_10:45,25.4,1006
23-08-17_06:45,24.1,1007
23-08-17_02:45,25.1,1005
23-08-16_22:45,26.1,1006
23-08-16_18:45,25.8,1006
23-08-16_14:45,25.9,1007
23-08-16_10:45,25.7,1008
23-08-16_06:45,24.9,1007
23-08-16_02:45,25.2,1006
23-08-15_22:45,25.8,1005
23-08-15_18:45,25.4,1004
23-08-15_14:45,25.3,1003
23-08-15_10:45,25.0,1004
23-08-15_06:45,24.1,1002
23-08-15_02:45,24.0,1003
23-08-14_22:45,24.6,1002
23-08-14_18:45,24.7,1002
23-08-14_14:45,24.7,1002
23-08-14_10:45,24.2,1004
23-08-14_06:45,23.6,1004
23-08-14_02:45,23.3,1005
23-08-13_22:45,24.0,1004
23-08-13_18:45,23.7,1003
23-08-13_14:45,23.7,1004
23-08-13_10:45,22.9,1006
23-08-13_06:45,22.7,1006
23-08-13_02:45,22.7,1005
23-08-12_22:45,22.8,1004
23-08-12_18:45,22.7,1003
23-08-12_14:45,22.5,1003
23-08-12_10:45,22.4,1005
23-08-12_06:45,22.0,1005
23-08-12_02:45,22.3,1006
23-08-11_22:45,22.8,1007
23-08-11_18:45,22.3,1007
23-08-11_14:45,22.2,1009
23-08-11_10:45,21.9,1009
23-08-11_06:45,21.2,1009
23-08-11_02:45,21.4,1008
23-08-10_22:45,21.4,1008
23-08-10_18:45,21.4,1007
23-08-10_14:45,21.3,1007
23-08-10_10:45,21.1,1008
23-08-10_06:45,20.8,1007
23-08-10_02:45,21.2,1006
23-08-09_22:45,21.6,1005
23-08-09_18:45,21.7,1004
23-08-09_14:45,21.7,1003
23-08-09_10:45,21.9,1002
23-08-09_06:45,22.5,999
23-08-09_02:45,22.3,999
23-08-08_22:45,22.3,999
23-08-08_18:45,22.3,999
23-08-08_14:45,22.0,998
23-08-08_10:45,21.9,1000
23-08-08_06:45,20.4,999
23-08-08_02:45,20.9,1000
23-08-07_22:45,22.6,1001
23-08-07_18:45,23.3,999
23-08-07_14:45,22.8,996
23-08-07_10:45,23.5,995
23-08-07_06:45,23.5,993
23-08-07_02:45,23.8,992
23-08-06_22:45,24.0,991
23-08-06_18:45,23.5,990
23-08-06_14:45,23.9,990
23-08-06_10:45,23.0,992
23-08-06_06:45,22.6,993
23-08-06_02:45,23.1,994
23-08-05_22:45,23.5,996
23-08-05_18:45,24.0,998
23-08-05_14:45,23.3,1000
23-08-05_10:45,22.3,1002
23-08-05_06:45,22.0,1002
23-08-05_02:45,22.7,1001
23-08-04_22:45,24.3,1001
23-08-04_18:45,23.9,1000
23-08-04_14:45,24.3,1000
23-08-04_10:45,23.5,999
23-08-04_06:45,22.9,997
23-08-04_02:45,23.3,995
23-08-03_22:45,23.6,993
23-08-03_18:45,24.2,990
23-08-03_14:45,24.7,988
23-08-03_10:45,24.5,987
23-08-03_06:45,23.8,984
23-08-03_02:45,23.8,984
23-08-02_22:45,24.4,982
23-08-02_18:45,24.5,982
23-08-02_14:45,24.5,985
23-08-02_10:45,24.2,989
23-08-02_06:45,23.3,990
23-08-02_02:45,23.4,991
23-08-01_22:45,23.7,991
23-08-01_18:45,24.4,988
23-08-01_14:45,24.6,986
23-08-01_10:45,24.3,985
23-08-01_06:45,23.7,986
23-08-01_02:45,23.9,990
23-07-31_22:45,24.7,993
23-07-31_18:45,24.4,995
23-07-31_14:45,24.5,996
23-07-31_10:45,23.8,998
23-07-31_06:45,22.7,998
23-07-31_02:45,22.9,999
23-07-30_22:45,24.0,1000
23-07-30_18:45,25.0,999
23-07-30_14:45,25.3,997
23-07-30_10:45,24.7,998
23-07-30_06:45,23.7,997
23-07-30_02:45,24.0,996
23-07-29_22:45,24.5,996
23-07-29_18:45,24.1,995
23-07-29_14:45,24.0,994
23-07-29_10:45,23.8,995
23-07-29_06:45,23.5,996
23-07-29_02:45,23.4,996
23-07-28_22:45,23.5,996
23-07-28_18:45,23.7,995
23-07-28_14:45,23.6,994
23-07-28_10:45,23.5,994
23-07-28_06:45,23.1,992
23-07-28_02:45,23.1,992
23-07-27_22:45,23.2,993
23-07-27_18:45,23.4,993
23-07-27_14:45,23.6,996
23-07-27_10:45,23.9,997
23-07-27_06:45,23.2,999
23-07-27_02:45,23.4,1000
23-07-26_22:45,23.1,1000
23-07-26_18:45,24.3,998
23-07-26_14:45,24.4,998
23-07-26_10:45,24.5,999
23-07-26_06:45,23.7,998
23-07-26_02:45,24.0,996
23-07-25_22:45,25.0,994
23-07-25_18:45,24.6,992
23-07-25_14:45,24.8,991
23-07-25_10:45,24.2,992
23-07-25_06:45,21.5,991
23-07-25_02:45,22.3,991
23-07-24_22:45,23.8,990
23-07-24_18:45,25.6,987
23-07-24_14:45,25.7,990
23-07-24_10:45,25.2,992
23-07-24_06:45,23.5,993
23-07-24_02:45,23.5,994
23-07-23_22:45,24.1,996
23-07-23_18:45,25.0,996
23-07-23_14:45,25.0,996
23-07-23_10:45,24.5,997
23-07-23_06:45,23.7,999
23-07-23_02:45,24.7,999
23-07-22_22:45,25.5,1000
23-07-22_18:45,24.8,1000
23-07-22_14:45,25.1,1002
23-07-22_10:45,25.3,1002
23-07-22_06:45,24.6,1001
23-07-22_02:45,24.8,1000
23-07-21_22:45,25.7,999
23-07-21_18:45,25.4,997
23-07-21_14:45,25.1,998
23-07-21_10:45,25.7,999
23-07-21_06:45,25.0,999
23-07-21_02:45,25.4,1000
23-07-20_22:45,26.2,1001
23-07-20_18:45,25.2,1000
23-07-20_14:45,25.2,1001
23-07-20_10:45,25.1,1000
23-07-20_06:45,23.0,1000
23-07-20_02:45,23.9,999
23-07-19_22:45,26.1,998
23-07-19_18:45,26.3,998
23-07-19_14:45,26.5,998
23-07-19_10:45,25.7,999
23-07-19_06:45,24.6,1000
23-07-19_02:45,24.9,1001
23-07-18_22:45,25.4,1002
23-07-18_18:45,25.8,1003
23-07-18_14:45,26.5,1006
23-07-18_10:45,25.8,1008
23-07-18_06:45,25.2,1009
23-07-18_02:45,25.5,1009
23-07-17_22:45,26.9,1008
23-07-17_18:45,27.2,1003
23-07-17_14:45,27.1,1004
23-07-17_10:45,26.3,1005
23-07-17_06:45,25.6,1004
23-07-17_02:45,25.9,1004
23-07-16_22:45,26.9,1003
23-07-16_18:45,26.6,1002
23-07-16_14:45,26.5,1002
23-07-16_10:45,25.9,1002
23-07-16_06:45,26.0,1000
23-07-16_02:45,26.0,999
23-07-15_22:45,26.2,996
23-07-15_18:45,26.1,995
23-07-15_14:45,25.8,996
23-07-15_10:45,25.5,997
23-07-15_06:45,25.1,998
23-07-15_02:45,25.4,999
23-07-14_22:45,25.6,1000
23-07-14_18:45,25.8,1000
23-07-14_14:45,25.8,1003
23-07-14_10:45,25.7,1005
23-07-14_06:45,25.2,1006
23-07-14_02:45,25.6,1006
23-07-13_22:45,25.8,1006
23-07-13_18:45,26.7,1003
23-07-13_14:45,26.4,1003
23-07-13_10:45,26.3,1002
23-07-13_06:45,26.3,1002
23-07-13_02:45,26.4,1001
23-07-12_22:45,26.6,1000
23-07-12_18:45,26.7,998
23-07-12_14:45,26.9,998
23-07-12_10:45,26.6,998
23-07-12_06:45,26.0,995
23-07-12_02:45,26.4,994
23-07-11_22:45,26.1,996
23-07-11_18:45,26.3,998
23-07-11_14:45,25.9,1001
23-07-11_10:45,25.9,1004
23-07-11_06:45,25.4,1006
23-07-11_02:45,25.8,1007
23-07-10_22:45,26.3,1007
23-07-10_18:45,25.9,1006
23-07-10_14:45,25.8,1006
23-07-10_10:45,25.9,1004
23-07-10_06:45,25.4,1004
23-07-10_02:45,25.6,1005
23-07-09_22:45,25.5,1005
23-07-09_18:45,25.0,1005
23-07-09_14:45,25.0,1006
23-07-09_10:45,25.0,1007
23-07-09_06:45,24.1,1007
23-07-09_02:45,24.2,1007
23-07-08_22:45,24.4,1006
23-07-08_18:45,24.3,1005
23-07-08_14:45,24.1,1006
23-07-08_10:45,24.1,1007
23-07-08_06:45,23.5,1007
23-07-08_02:45,23.6,1007
23-07-07_22:45,23.6,1007
23-07-07_18:45,23.6,1007
23-07-07_14:45,23.7,1008
23-07-07_10:45,23.5,1009
23-07-07_06:45,22.9,1009
23-07-07_02:45,23.1,1008
23-07-06_22:45,23.4,1007
23-07-06_18:45,23.6,1005
23-07-06_14:45,23.8,1005
23-07-06_10:45,23.7,1005
23-07-06_06:45,23.8,1004
23-07-06_02:45,23.8,1003
23-07-05_22:45,23.7,1002
23-07-05_18:45,25.0,1000
23-07-05_14:45,24.5,998
23-07-05_10:45,24.0,997
23-07-05_06:45,23.7,996
23-07-05_02:45,24.0,999
23-07-04_22:45,25.1,1001
23-07-04_18:45,24.3,1000
23-07-04_14:45,24.1,1000
23-07-04_10:45,24.0,1000
23-07-04_06:45,23.3,999
23-07-04_02:45,23.4,998
23-07-03_22:45,23.4,998
23-07-03_18:45,23.4,998
23-07-03_14:45,23.7,998
23-07-03_10:45,23.9,998
23-07-03_06:45,23.0,997
23-07-03_02:45,23.3,997
23-07-02_22:45,24.2,998
23-07-02_18:45,23.6,996
23-07-02_14:45,23.6,995
23-07-02_10:45,23.4,995
23-07-02_06:45,23.7,994
23-07-02_02:45,23.8,993
23-07-01_22:45,24.1,993
23-07-01_18:45,24.4,992
23-07-01_14:45,24.6,992
23-07-01_10:45,24.4,995
23-07-01_06:45,23.3,996
23-07-01_02:45,23.4,997
23-06-30_22:45,23.7,998
23-06-30_18:45,24.2,998
23-06-30_14:45,25.4,998
23-06-30_10:45,25.0,998
23-06-30_06:45,24.0,998
23-06-30_02:45,24.2,999
23-06-29_22:45,24.8,999
23-06-29_18:45,24.9,999
23-06-29_14:45,24.9,1001
23-06-29_10:45,24.7,1003
23-06-29_06:45,24.1,1004
23-06-29_02:45,23.6,1005
23-06-28_22:45,23.7,1005
23-06-28_18:45,23.9,1004
23-06-28_14:45,24.3,1004
23-06-28_10:45,23.7,1005
23-06-28_06:45,22.2,1005
23-06-28_02:45,22.6,1004
23-06-27_22:45,22.9,1004
23-06-27_18:45,24.9,1003
23-06-27_14:45,24.4,1003
23-06-27_10:45,24.3,1005
23-06-27_06:45,24.5,1006
23-06-27_02:45,24.8,1004
23-06-26_22:45,25.0,1002
23-06-26_18:45,25.2,1001
23-06-26_14:45,25.4,999
23-06-26_10:45,25.1,1001
23-06-26_06:45,23.8,1002
23-06-26_02:45,23.9,1003
23-06-25_22:45,24.6,1004
23-06-25_18:45,25.4,1004
23-06-25_14:45,24.8,1006
23-06-25_10:45,23.9,1008
23-06-25_06:45,23.2,1008
23-06-25_02:45,23.3,1009
23-06-24_22:45,23.6,1009
23-06-24_18:45,23.8,1010
23-06-24_14:45,23.4,1011
23-06-24_10:45,22.6,1012
23-06-24_06:45,22.5,1011
23-06-24_02:45,22.9,1011
23-06-23_22:45,22.8,1010
23-06-23_18:45,22.4,1008
23-06-23_14:45,24.7,1003
23-06-23_10:45,25.4,1000
23-06-23_06:45,25.6,999
23-06-23_02:45,25.7,999
23-06-22_22:45,26.5,1000
23-06-22_18:45,26.6,999
23-06-22_14:45,26.5,1003
23-06-22_10:45,26.4,1005
23-06-22_06:45,24.8,1007
23-06-22_02:45,24.8,1006
23-06-21_22:45,24.8,1006
23-06-21_18:45,25.0,1004
23-06-21_14:45,24.9,1004
23-06-21_10:45,24.7,1003
23-06-21_06:45,24.4,1001
23-06-21_02:45,24.2,1000
23-06-20_22:45,24.2,999
23-06-20_18:45,24.3,999
23-06-20_14:45,24.3,1001
23-06-20_10:45,23.9,1002
23-06-20_06:45,23.8,1001
23-06-20_02:45,23.9,1001
23-06-19_22:45,24.3,1000
23-06-19_18:45,24.5,999
23-06-19_14:45,24.3,1000
23-06-19_10:45,24.4,1000
23-06-19_06:45,22.9,1000
23-06-19_02:45,23.0,1000
23-06-18_22:45,23.1,1001
23-06-18_18:45,23.3,1000
23-06-18_14:45,23.6,1001
23-06-18_10:45,23.8,1002
23-06-18_06:45,22.6,1001
23-06-18_02:45,22.4,1001
23-06-17_22:45,22.7,1002
23-06-17_18:45,22.9,1000
23-06-17_14:45,23.0,1000
23-06-17_10:45,22.9,1002
23-06-17_06:45,22.3,1001
23-06-17_02:45,22.4,1001
23-06-16_22:45,22.9,1002
23-06-16_18:45,23.6,1002
23-06-16_14:45,23.7,1004
23-06-16_10:45,23.6,1004
23-06-16_06:45,21.7,1003
23-06-16_02:45,22.2,1003
23-06-15_22:45,23.2,1004
23-06-15_18:45,23.6,1004
23-06-15_14:45,24.0,1004
23-06-15_10:45,23.4,1005
23-06-15_06:45,23.3,1005
23-06-15_02:45,23.3,1005
23-06-14_22:45,23.4,1005
23-06-14_18:45,24.7,1005
23-06-14_14:45,23.1,1005
23-06-14_10:45,22.8,1005
23-06-14_06:45,22.3,1004
23-06-14_02:45,22.6,1003
23-06-13_22:45,23.8,1003
23-06-13_18:45,24.8,1000
23-06-13_14:45,24.7,1001
23-06-13_10:45,24.3,1002
23-06-13_06:45,22.9,1003
23-06-13_02:45,23.2,1003
23-06-12_22:45,24.5,1004
23-06-12_18:45,24.0,1004
23-06-12_14:45,24.4,1005
23-06-12_10:45,24.1,1006
23-06-12_06:45,23.4,1006
23-06-12_02:45,23.2,1005
23-06-11_22:45,23.9,1005
23-06-11_18:45,23.5,1005
23-06-11_14:45,23.4,1006
23-06-11_10:45,23.5,1006
23-06-11_06:45,23.2,1006
23-06-11_02:45,23.0,1005
23-06-10_22:45,23.4,1004
23-06-10_18:45,24.4,1003
23-06-10_14:45,22.9,1003
23-06-10_10:45,22.6,1004
23-06-10_06:45,22.5,1004
23-06-10_02:45,22.8,1002
23-06-09_22:45,23.0,1002
23-06-09_18:45,22.8,1000
23-06-09_14:45,22.9,1002
23-06-09_10:45,23.0,1003
23-06-09_06:45,22.4,1002
23-06-09_02:45,21.9,1002
23-06-08_22:45,23.0,1002
23-06-08_18:45,22.3,1002
23-06-08_14:45,22.6,1003
23-06-08_10:45,22.9,1004
23-06-08_06:45,21.5,1004
23-06-08_02:45,21.5,1005
23-06-07_22:45,21.9,1005
23-06-07_18:45,22.6,1005
23-06-07_14:45,23.1,1005
23-06-07_10:45,22.0,1006
23-06-07_06:45,21.1,1005
23-06-07_02:45,20.7,1006
23-06-06_22:45,21.0,1006
23-06-06_18:45,21.1,1005
23-06-06_14:45,22.4,1006
23-06-06_10:45,21.7,1006
23-06-06_06:45,20.6,1006
23-06-06_02:45,20.7,1005
23-06-05_22:45,21.0,1005
23-06-05_18:45,21.9,1005
23-06-05_14:45,22.2,1006
23-06-05_10:45,21.7,1007
23-06-05_06:45,20.9,1007
23-06-05_02:45,20.3,1007
23-06-04_22:45,20.6,1007
23-06-04_18:45,22.0,1007
23-06-04_14:45,21.5,1008
23-06-04_10:45,20.9,1008
23-06-04_06:45,21.2,1008
23-06-04_02:45,20.4,1007
23-06-03_22:45,21.0,1008
23-06-03_18:45,21.1,1007
23-06-03_14:45,21.5,1008
23-06-03_10:45,21.3,1009
23-06-03_06:45,21.5,1009
23-06-03_02:45,21.2,1009
23-06-02_22:45,22.1,1008
23-06-02_18:45,21.8,1007
23-06-02_14:45,22.6,1007
23-06-02_10:45,22.3,1006
23-06-02_06:45,20.8,1006
23-06-02_02:45,21.1,1005
23-06-01_22:45,22.6,1004
23-06-01_18:45,22.3,1003
23-06-01_14:45,22.4,1004
23-06-01_10:45,21.9,1006
23-06-01_06:45,21.9,1006
23-06-01_02:45,21.1,1006
23-05-31_22:45,22.2,1007
23-05-31_18:45,22.6,1007
23-05-31_14:45,22.3,1009
23-05-31_10:45,21.6,1011
23-05-31_06:45,21.4,1011
23-05-31_02:45,20.6,1011
23-05-30_22:45,21.6,1011
23-05-30_18:45,21.7,1010
23-05-30_14:45,21.7,1011
23-05-30_10:45,21.3,1011
23-05-30_06:45,20.4,1010
23-05-30_02:45,20.2,1009
23-05-29_22:45,20.9,1009
23-05-29_18:45,20.8,1007
23-05-29_14:45,21.2,1007
23-05-29_10:45,20.1,1008
23-05-29_06:45,20.7,1007
23-05-29_02:45,20.7,1006
23-05-28_22:45,20.7,1006
23-05-28_18:45,21.2,1005
23-05-28_14:45,20.4,1006
23-05-28_10:45,21.2,1007
23-05-28_06:45,20.8,1007
23-05-28_02:45,20.9,1008
23-05-27_22:45,20.2,1009
23-05-27_18:45,20.4,1009
23-05-27_14:45,19.8,1012
23-05-27_10:45,20.9,1014
23-05-27_06:45,20.9,1015
23-05-27_02:45,20.8,1015
23-05-26_22:45,20.6,1014
23-05-26_18:45,20.9,1012
23-05-26_14:45,21.5,1013
23-05-26_10:45,20.9,1014
23-05-26_06:45,20.3,1013
23-05-26_02:45,20.4,1012
23-05-25_22:45,21.2,1012
23-05-25_18:45,21.1,1011
23-05-25_14:45,21.0,1011
23-05-25_10:45,20.6,1012
23-05-25_06:45,20.2,1011
23-05-25_02:45,20.1,1010
23-05-24_22:45,20.5,1010
23-05-24_18:45,20.9,1008
23-05-24_14:45,21.0,1008
23-05-24_10:45,21.1,1008
23-05-24_06:45,20.8,1007
23-05-24_02:45,21.4,1007
23-05-23_22:45,22.3,1006
23-05-23_18:45,21.6,1004
23-05-23_14:45,22.1,1002
23-05-23_10:45,21.7,1001
23-05-23_06:45,21.7,999
23-05-23_02:45,21.5,999
23-05-22_22:45,22.6,999
23-05-22_18:45,22.7,998
23-05-22_14:45,22.7,1000
23-05-22_10:45,22.2,1002
23-05-22_06:45,20.7,1002
23-05-22_02:45,20.7,1002
23-05-21_22:45,22.2,1003
23-05-21_18:45,21.1,1002
23-05-21_14:45,21.0,1003
23-05-21_10:45,20.4,1004
23-05-21_06:45,19.8,1004
23-05-21_02:45,20.1,1005
23-05-20_22:45,22.4,1006
23-05-20_18:45,19.8,1005
23-05-20_14:45,19.4,1007
23-05-20_10:45,19.4,1009
23-05-20_06:45,19.1,1009
23-05-20_02:45,19.4,1010
23-05-19_22:45,19.9,1011
23-05-19_18:45,20.3,1010
23-05-19_14:45,20.4,1010
23-05-19_10:45,19.8,1012
23-05-19_06:45,18.9,1012
23-05-19_02:45,19.1,1012
23-05-18_22:45,19.7,1013
23-05-18_18:45,19.6,1012
23-05-18_14:45,19.8,1013
23-05-18_10:45,19.5,1014
23-05-18_06:45,19.3,1014
23-05-18_02:45,19.4,1013
23-05-17_22:45,20.3,1012
23-05-17_18:45,20.5,1010
23-05-17_14:45,20.2,1010
23-05-17_10:45,19.9,1010
23-05-17_06:45,19.3,1008
23-05-17_02:45,19.4,1007
23-05-16_22:45,20.4,1006
23-05-16_18:45,20.1,1003
23-05-16_14:45,19.9,1003
23-05-16_10:45,19.2,1002
23-05-16_06:45,15.4,1000
23-05-16_02:45,17.7,998
23-05-15_22:45,20.8,997
23-05-15_18:45,20.3,995
23-05-15_14:45,20.2,995
23-05-15_10:45,20.3,996
23-05-15_06:45,19.8,997
23-05-15_02:45,20.2,999
23-05-14_22:45,20.8,1000
23-05-14_18:45,20.8,1001
23-05-14_14:40,20.7,1002
23-05-14_10:40,19.5,1004
23-05-14_06:40,19.7,1005
23-05-14_02:40,19.4,1006
23-05-13_22:40,19.8,1007
23-05-13_18:40,19.6,1006
23-05-13_14:40,19.1,1006
23-05-13_10:40,19.6,1007
23-05-13_06:40,19.1,1006
23-05-13_02:40,19.4,1006
23-05-12_22:40,19.5,1005
23-05-12_18:40,19.5,1003
23-05-12_14:40,19.2,1003
23-05-12_10:40,18.8,1004
23-05-12_06:40,18.8,1002
23-05-12_02:40,19.2,1002
23-05-11_22:40,19.5,1002
23-05-11_18:40,19.3,1000
23-05-11_14:40,19.2,1000
23-05-11_10:40,19.3,1000
23-05-11_06:40,18.9,1000
23-05-11_02:40,19.2,1000
23-05-10_22:40,19.4,1000
23-05-10_18:40,19.5,999
23-05-10_14:40,19.9,999
23-05-10_10:40,20.5,997
23-05-10_06:40,19.9,996
23-05-10_02:40,20.2,996
23-05-09_22:40,21.4,998
23-05-09_18:40,20.1,999
23-05-09_14:40,20.9,1002
23-05-09_10:40,20.5,1006
23-05-09_06:40,19.7,1008
23-05-09_02:40,19.8,1009
23-05-08_22:40,20.0,1010
23-05-08_18:40,20.2,1009
23-05-08_14:40,20.4,1010
23-05-08_10:40,20.6,1011
23-05-08_06:40,19.5,1011
23-05-08_02:40,19.6,1010
23-05-07_22:40,19.8,1010
23-05-07_18:40,20.3,1009
23-05-07_14:40,20.1,1009
23-05-07_10:40,19.9,1009
23-05-07_06:40,19.9,1008
23-05-07_02:40,20.0,1007
23-05-06_22:40,20.1,1007
23-05-06_18:40,20.4,1005
23-05-06_14:40,20.6,1004
23-05-06_10:40,20.3,1004
23-05-06_06:40,20.4,1002
23-05-06_02:40,20.4,1001
23-05-05_22:40,22.0,1002
23-05-05_18:40,20.6,1001
23-05-05_14:40,21.2,1004
23-05-05_10:40,20.7,1005
23-05-05_06:40,19.8,1005
23-05-05_02:40,20.0,1005
23-05-04_22:40,20.6,1006
23-05-02_02:20,20.9,1001
23-05-01_22:20,21.6,1001
23-05-01_18:20,20.2,1000
23-05-01_14:20,20.1,1001
23-05-01_10:20,20.2,1004
23-05-01_06:20,19.6,1005
23-05-01_02:20,19.6,1007
23-04-30_22:20,19.8,1008
23-04-30_18:20,19.6,1008
23-04-30_14:20,19.8,1010
23-04-30_10:20,19.6,1011
23-04-30_06:20,19.6,1009
23-04-30_02:20,19.7,1008
23-04-29_22:20,20.3,1006
23-04-29_18:20,19.6,1004
23-04-29_14:20,19.6,1002
23-04-29_10:20,19.7,1000
23-04-29_06:20,19.5,997
23-04-29_02:20,19.5,997
23-04-28_22:20,19.7,997
23-04-28_18:20,19.9,998
23-04-28_14:20,19.7,1000
23-04-28_10:20,19.5,1001
23-04-28_06:20,20.0,1002
23-04-28_02:20,19.3,1005
23-04-27_22:20,19.4,1006
23-04-27_18:20,19.5,1006
23-04-27_14:20,19.6,1007
23-04-27_10:20,20.0,1007
23-04-27_06:20,19.8,1007
23-04-27_02:20,19.8,1005
23-04-26_22:20,21.2,1005
23-04-26_18:20,19.8,1004
23-04-26_14:20,20.1,1004
23-04-26_10:20,20.0,1004
23-04-26_06:20,19.5,1003
23-04-26_02:20,19.7,1002
23-04-25_22:20,20.9,1001
23-04-25_18:20,20.7,999
23-04-25_14:20,20.9,997
23-04-25_10:20,21.0,996
23-04-25_06:20,20.5,994
23-04-25_02:20,20.7,994
23-04-24_22:20,21.1,995
23-04-24_18:20,19.9,993
23-04-24_14:20,20.2,991
23-04-24_10:20,20.1,990
23-04-24_06:20,19.6,990
23-04-24_02:20,19.8,990
23-04-23_22:20,19.7,991
23-04-23_18:20,19.6,992
23-04-23_14:20,19.4,995
23-04-23_10:20,20.0,995
23-04-23_06:20,19.8,994
23-04-23_02:20,19.8,995
23-04-22_22:20,20.0,995
23-04-22_18:20,19.6,995
23-04-22_14:20,19.6,997
23-04-22_10:20,20.0,999
23-04-22_06:20,19.6,999
23-04-22_02:20,19.8,1000
23-04-21_22:20,20.3,1000
23-04-21_18:20,19.9,1000
23-04-21_14:20,20.2,1002
23-04-21_10:20,20.3,1003
23-04-21_06:20,20.3,1003
23-04-21_02:20,20.7,1004
23-04-20_22:20,20.6,1004
23-04-20_18:20,21.2,1005
23-04-20_14:20,20.5,1006
23-04-20_10:20,20.3,1006
23-04-20_06:20,20.2,1005
23-04-20_02:20,20.1,1006
23-04-19_22:20,21.1,1007
23-04-19_18:20,20.5,1007
23-04-19_14:20,20.2,1008
23-04-19_10:20,20.2,1011
23-04-19_06:20,20.4,1011
23-04-19_02:20,20.5,1012
23-04-18_22:20,20.9,1013
23-04-18_18:20,20.3,1013
23-04-18_14:20,20.4,1013
23-04-18_10:20,20.1,1013
23-04-18_06:20,19.9,1012
23-04-18_02:20,20.2,1012
23-04-17_22:20,20.7,1012
23-04-17_18:20,20.2,1011
23-04-17_14:20,20.5,1011
23-04-17_10:20,20.2,1010
23-04-17_06:20,20.1,1009
23-04-17_02:20,20.0,1008
23-04-16_22:20,20.1,1008
23-04-16_18:20,20.1,1006
23-04-16_14:20,20.5,1005
23-04-16_10:20,19.8,1004
23-04-16_06:20,19.5,1002
23-04-16_02:20,19.7,1001
23-04-15_22:20,20.4,999
23-04-15_18:20,19.5,996
23-04-15_14:20,19.7,994
23-04-15_10:20,20.4,992
23-04-15_06:20,19.1,991
23-04-15_02:20,16.5,992
23-04-14_22:20,21.1,994
23-04-14_18:20,21.0,994
23-04-14_14:20,21.7,995
23-04-14_10:20,21.2,995
23-04-14_06:20,21.5,995
23-04-14_02:20,21.3,995
23-04-13_22:20,21.3,995
23-04-13_18:20,21.4,993
23-04-13_14:20,21.9,992
23-04-13_10:20,21.4,991
23-04-13_06:20,21.1,989
23-04-13_02:20,21.2,988
23-04-12_22:20,21.2,987
23-04-12_18:20,21.1,987
23-04-12_14:20,21.3,989
23-04-12_10:20,21.2,993
23-04-05_22:00,20.9,996
23-04-05_18:00,20.7,999
23-04-05_14:00,21.5,1000
23-04-05_10:00,21.2,999
23-04-05_06:00,21.2,998
23-04-05_02:00,20.9,997
23-04-04_22:00,20.0,995
23-04-04_18:00,20.2,998
23-04-04_14:00,20.2,1001
23-04-04_10:00,20.6,1004
23-04-04_06:00,20.3,1008
23-04-04_02:00,19.9,1011
23-04-03_22:00,20.2,1012
23-04-03_18:00,20.2,1012
23-04-03_14:00,20.3,1012
23-04-03_10:00,20.2,1012
23-04-03_06:00,19.9,1013
23-04-03_02:00,19.9,1014
23-04-02_22:00,19.9,1013
23-04-02_18:00,19.9,1013
23-04-02_14:00,20.5,1012
23-04-02_10:00,20.1,1010
23-04-02_06:00,20.3,1010
23-04-02_02:00,20.1,1009
23-04-01_22:00,19.9,1007
23-04-01_18:00,20.1,1007
23-04-01_14:00,19.9,1007
23-04-01_10:00,20.1,1004
23-04-01_06:00,20.7,1004
23-04-01_02:00,19.6,1005
23-03-31_22:00,19.8,1004
23-03-31_18:00,19.8,1005
23-03-31_14:00,20.2,1005
23-03-31_10:00,20.0,1005
23-03-31_06:00,20.5,1006
23-03-31_02:00,20.5,1007
23-03-30_22:00,19.1,1007
23-03-30_18:00,19.4,1007
23-03-30_14:00,19.8,1008
23-03-30_10:00,20.1,1007
23-03-30_06:00,20.0,1009
23-03-30_02:00,19.9,1010
23-03-29_22:00,19.1,1010
23-03-29_18:00,19.5,1011
23-03-29_14:00,19.6,1012
23-03-29_10:00,19.5,1012
23-03-29_06:00,19.8,1014
23-03-29_02:00,19.7,1015
23-03-28_22:00,19.3,1014
23-03-28_18:00,19.5,1016
23-03-28_14:00,19.8,1016
23-03-28_10:00,19.9,1016
23-03-28_06:40,18.3,1016
23-03-28_02:40,20.0,1017
23-03-27_22:40,19.2,1016
23-03-27_18:40,19.7,1015
23-03-27_14:40,20.1,1013
23-03-27_10:40,19.1,1010
23-03-27_06:40,19.9,1008
23-03-27_02:40,19.2,1005
23-03-26_22:40,19.3,1000
23-03-26_18:40,19.3,995
23-03-26_14:40,20.8,970
23-03-26_10:40,21.1,972
23-03-26_06:40,18.6,973
23-03-26_01:40,19.1,974
23-03-25_21:40,20.3,973
23-03-25_17:40,20.4,973
23-03-25_13:40,20.6,972
23-03-25_09:40,21.4,973
23-03-25_05:40,19.0,972
23-03-25_01:40,19.4,973
23-03-24_21:40,20.3,973
23-03-24_17:40,20.9,972
23-03-24_13:40,20.6,972
23-03-24_09:40,20.8,971
23-03-24_05:40,19.4,971
23-03-24_01:40,19.4,973
23-03-23_21:40,20.6,976
23-03-23_17:40,21.4,975
23-03-23_13:40,20.9,975
23-03-23_09:40,20.5,975
23-03-23_05:40,18.8,974
23-03-23_01:40,19.5,975
23-03-22_21:40,20.4,976
23-03-22_17:40,20.8,976
23-03-22_13:40,20.9,977
23-03-22_09:40,22.1,979
23-03-22_05:40,18.9,979
23-03-22_01:40,19.2,980
23-03-21_21:40,20.5,981
23-03-21_17:40,21.1,980
23-03-21_13:40,19.5,981
23-03-21_09:40,21.5,984
23-03-21_05:40,19.2,983
23-03-21_01:40,19.6,985
23-03-20_21:40,21.7,984
23-03-20_17:40,21.8,984
23-03-20_13:40,21.7,985
23-03-20_09:40,21.5,985
23-03-20_05:40,19.3,984
23-03-20_01:40,19.9,984
23-03-19_21:40,21.1,984
23-03-19_17:40,21.7,982
23-03-19_13:40,22.3,983
23-03-19_09:40,21.2,982
23-03-19_05:40,18.9,981
23-03-19_01:40,20.0,980
23-03-18_21:40,21.6,980
23-03-18_17:40,21.7,979
23-03-18_13:40,21.9,980
23-03-18_09:40,21.4,980
23-03-18_05:40,18.7,979
23-03-18_01:40,19.3,978
23-03-17_21:40,21.4,978
23-02-25_13:15,19.6,971
23-02-25_09:15,19.3,969
23-02-25_05:15,19.9,967
23-02-25_01:15,20.2,966
23-02-24_21:15,20.2,967
23-02-24_17:15,20.0,968
23-02-24_13:15,19.3,970
23-02-24_09:15,18.5,974
23-02-24_05:15,19.3,976
23-02-24_01:15,19.8,978
23-02-23_21:15,19.7,979
23-02-23_17:15,19.5,979
23-02-23_13:15,19.5,979
23-02-23_09:15,18.7,980
23-02-23_05:15,19.4,979
23-02-23_01:15,20.0,979
23-02-22_21:15,19.8,979
23-02-22_17:15,19.6,979
23-02-22_13:15,19.4,980
23-02-22_09:15,18.6,982
23-02-22_05:15,19.6,982
23-02-22_01:15,20.1,984
23-02-21_21:15,19.7,984
23-02-21_17:15,19.4,984
23-02-21_13:15,19.0,984
23-02-21_09:15,18.6,985
23-02-21_05:15,19.8,983
23-02-21_01:15,20.3,985
23-02-20_21:15,20.3,985
23-02-20_17:15,20.2,984
23-02-20_13:15,19.9,986
23-02-20_09:15,19.0,988
23-02-20_05:15,20.0,989
23-02-20_01:15,20.4,990
23-02-19_21:15,20.0,990
23-02-19_17:15,19.7,989
23-02-19_13:15,19.9,987
23-02-19_09:15,19.2,983
23-02-19_05:15,20.3,981
23-02-19_01:15,20.9,983
23-02-18_21:15,20.6,985
23-02-18_17:15,20.1,983
23-02-18_13:15,19.7,982
23-02-18_09:15,18.7,984
23-02-18_05:15,19.3,986
23-02-18_01:15,20.0,987
23-02-17_21:15,19.6,985
23-02-17_17:15,19.4,983
23-02-17_13:15,19.0,984
23-02-17_09:15,18.3,986
23-02-17_05:15,18.4,986
23-02-17_01:15,19.2,988
23-02-16_21:15,18.8,990
23-02-16_17:15,18.2,990
23-02-16_13:15,17.8,990
23-02-16_09:15,15.7,991
23-02-16_05:15,14.8,991
23-02-16_01:15,15.1,991
23-02-15_21:15,15.3,991
23-02-15_17:15,15.7,992
23-02-15_13:15,16.1,992
23-02-15_09:15,15.6,994
23-02-15_05:15,15.8,995
23-02-15_01:15,16.3,996
23-02-14_21:15,16.8,998
23-02-14_17:15,17.3,998
23-02-14_13:15,17.8,1000
23-02-14_09:15,17.6,1001
23-02-14_05:15,18.2,1002
23-02-14_01:15,19.3,1002
23-02-13_21:15,19.2,1002
23-02-13_17:15,18.9,1002
23-02-13_13:15,18.5,1004
23-02-13_09:15,17.4,1004
23-02-13_05:15,17.6,1004
23-02-13_01:15,18.2,1004
23-02-12_21:15,17.4,1004
23-02-12_17:15,17.0,1003
23-02-12_13:15,17.8,1003
23-02-12_09:15,17.1,1003
23-02-12_05:15,17.7,1002
23-02-12_01:15,18.4,1001
23-02-11_21:15,18.4,1000
23-02-11_17:15,18.0,998
23-02-11_13:15,17.6,998
23-02-11_09:15,16.5,998
23-02-11_05:15,17.1,997
23-02-11_01:15,18.5,999
23-02-10_21:15,18.5,1001
23-02-10_17:15,18.3,1001
23-02-10_13:15,17.7,1002
23-02-10_09:15,16.1,1002
23-02-10_05:15,16.3,1000
23-02-10_01:15,17.8,1000
23-02-09_21:15,18.3,999
23-02-09_17:15,18.3,998
23-02-09_13:15,18.1,998
23-02-09_09:15,17.3,999
23-02-09_05:15,17.6,999
23-02-09_01:15,18.7,1000
23-02-08_21:15,18.7,1002
23-02-08_17:15,18.3,1002
23-02-08_13:15,18.0,1004
23-02-08_09:15,16.6,1005
23-02-08_05:15,16.5,1005
23-02-08_01:15,18.2,1005
23-02-07_21:15,19.0,1006
23-02-07_17:15,19.0,1005
23-02-07_13:15,18.7,1005
23-02-07_09:15,17.5,1006
23-02-07_05:15,17.7,1005
23-02-07_01:15,18.7,1006
23-02-06_21:15,18.9,1004
23-02-06_17:15,18.6,1003
23-02-06_13:15,18.2,1002
23-02-06_09:15,17.5,1003
23-02-06_05:15,18.2,1003
23-02-06_01:15,19.1,1004
23-02-05_21:15,19.1,1002
23-02-05_17:15,19.0,1001
23-02-05_13:15,18.3,1000
23-02-05_09:15,17.8,1001
23-02-05_05:15,18.6,1002
23-02-05_01:15,19.7,1004
23-02-04_21:15,19.6,1004
23-02-04_17:15,19.4,1003
23-02-04_13:15,18.8,1002
23-02-04_09:15,17.8,1000
23-02-04_05:15,18.3,995
23-02-04_01:15,18.8,990
23-02-03_21:15,18.5,988
23-02-03_17:15,18.3,985
23-02-03_13:15,17.8,983
23-02-03_09:15,16.7,985
23-02-03_05:15,17.2,987
23-02-03_01:15,18.2,989
23-02-02_21:15,18.1,991
23-02-02_17:15,17.8,989
23-02-02_13:15,17.3,987
23-02-02_09:15,16.0,984
23-02-02_05:15,16.1,982
23-02-02_01:15,16.2,981
23-02-01_21:15,16.6,981
23-02-01_17:15,16.9,979
23-02-01_13:15,17.3,981
23-02-01_09:15,17.7,981
23-02-01_05:15,18.1,982
23-02-01_01:15,19.0,983
23-01-31_21:15,18.6,983
23-01-31_17:15,18.1,983
23-01-31_13:15,18.0,985
23-01-31_09:15,17.3,987
23-01-31_05:15,17.4,987
23-01-31_01:15,18.0,985
23-01-30_21:15,19.0,983
23-01-30_17:15,19.5,979
23-01-30_13:15,19.3,978
23-01-30_09:15,18.0,979
23-01-30_05:15,16.2,980
23-01-30_01:15,17.2,984
23-01-29_21:15,19.6,988
23-01-29_17:15,19.8,990
23-01-29_13:15,19.6,991
23-01-29_09:15,19.4,994
23-01-29_05:15,16.1,993
23-01-29_01:15,17.2,994
23-01-28_21:15,19.7,995
23-01-28_17:15,19.7,993
23-01-28_13:15,19.6,993
23-01-28_09:15,19.0,992
23-01-28_05:15,16.4,991
23-01-28_01:15,17.5,990
23-01-27_21:15,19.2,990
23-01-27_17:15,19.5,989
23-01-27_13:15,20.7,989
23-01-27_09:15,19.5,988
23-01-27_05:15,16.3,986
23-01-27_01:15,17.3,986
23-01-26_21:15,19.5,987
23-01-26_17:15,20.1,987
23-01-26_13:15,20.2,986
23-01-26_09:15,19.0,987
23-01-26_05:15,15.6,987
23-01-26_01:15,16.7,989
23-01-25_21:15,19.9,991
23-01-25_17:15,19.6,993
23-01-25_13:15,19.5,996
23-01-25_09:15,18.3,999
23-01-25_05:15,15.7,999
23-01-25_01:15,16.8,1001
23-01-24_21:15,18.8,1002
23-01-24_17:15,19.5,1003
23-01-24_13:15,19.3,1002
23-01-24_09:15,17.9,1002
23-01-24_05:15,15.2,1001
23-01-24_01:15,15.9,1001
23-01-23_21:15,18.8,1002
23-01-23_17:15,19.0,1001
23-01-23_13:15,18.4,1000
23-01-23_09:15,18.0,1000
23-01-23_05:15,15.2,997
23-01-23_01:15,16.3,997
23-01-22_21:15,18.9,996
23-01-22_17:15,18.6,994
23-01-22_13:15,17.4,993
23-01-22_09:15,16.8,992
23-01-22_05:15,14.5,990
23-01-22_01:15,15.3,989
23-01-21_21:15,18.1,989
23-01-21_17:15,17.6,990
23-01-21_13:15,18.1,991
23-01-21_09:15,17.1,991
23-01-21_05:15,14.8,989
23-01-21_01:15,15.7,988
23-01-20_21:15,17.5,987
23-01-20_17:15,16.9,984
23-01-20_13:15,19.0,982
23-01-20_09:15,18.5,981
23-01-20_05:15,16.5,978
23-01-20_01:15,18.0,976
23-01-19_21:15,19.4,974
23-01-19_17:15,19.5,973
23-01-19_13:15,20.1,972
23-01-19_09:15,18.6,972
23-01-19_05:15,15.8,970
23-01-19_01:15,17.0,970
23-01-18_21:15,20.4,968
23-01-18_17:15,20.9,965
23-01-18_13:15,19.6,961
23-01-18_09:15,18.0,958
23-01-18_05:15,16.2,956
23-01-18_01:15,17.1,956
23-01-17_21:15,19.8,956
23-01-17_17:15,19.5,955
23-01-17_13:15,19.8,955
23-01-17_09:15,19.2,955
23-01-17_05:15,15.6,951
23-01-17_01:15,16.4,949
23-01-16_21:15,17.7,950
23-01-16_17:15,18.1,954
23-01-16_13:15,17.8,956
23-01-16_09:15,18.0,962
23-01-16_05:15,14.9,965
23-01-16_01:15,15.7,969
23-01-15_21:15,17.4,971
23-01-15_17:15,16.2,971
23-01-15_13:15,15.0,969
23-01-15_09:15,15.0,968
23-01-15_05:15,15.1,965
23-01-15_01:15,15.1,967
23-01-14_21:15,15.3,970
23-01-14_17:15,15.5,973
23-01-14_13:15,15.6,979
23-01-14_09:15,15.8,982
23-01-14_05:15,16.1,983
23-01-14_01:15,16.4,982
23-01-13_21:15,16.8,980
23-01-13_17:15,17.4,977
23-01-13_13:15,18.8,975
23-01-13_09:15,18.1,975
23-01-13_05:15,16.5,974
23-01-13_01:15,16.9,974
23-01-12_21:15,17.8,977
23-01-12_17:15,18.2,977
23-01-12_13:15,18.2,977
23-01-12_09:15,18.2,979
23-01-12_05:15,17.5,980
23-01-12_01:15,17.6,982
23-01-11_21:15,20.2,982
23-01-11_17:15,18.7,979
23-01-11_13:15,18.7,978
23-01-11_09:15,18.5,979
23-01-11_05:15,16.7,980
23-01-11_01:15,17.5,983
23-01-10_21:15,19.1,985
23-01-10_17:15,18.9,986
23-01-10_13:15,19.0,986
23-01-10_09:15,20.0,985
23-01-10_05:15,17.5,980
23-01-10_01:15,19.2,977
23-01-09_21:15,19.9,973
23-01-09_17:15,18.7,970
23-01-09_13:15,18.8,968
23-01-09_09:15,18.6,966
23-01-09_05:15,17.3,964
23-01-09_01:15,18.4,966
23-01-08_21:15,20.1,969
23-01-08_17:15,19.0,971
23-01-08_13:15,19.2,973
23-01-08_09:15,18.5,974
23-01-08_05:15,17.5,975
23-01-08_01:15,18.4,977
23-01-07_21:15,19.6,979
23-01-07_17:15,19.3,980
23-01-07_13:15,18.6,982
23-01-07_09:15,18.7,985
23-01-07_05:15,18.0,986
23-01-07_01:15,20.0,987
23-01-06_21:15,19.4,987
23-01-06_17:15,19.2,986
23-01-06_13:15,19.1,985
23-01-06_09:15,19.3,985
23-01-06_05:15,17.3,986
23-01-06_01:15,17.7,987
23-01-05_21:15,19.0,988
23-01-05_17:15,18.7,986
23-01-05_13:15,19.0,984
23-01-05_09:15,20.4,983
23-01-05_05:15,18.6,980
23-01-05_01:15,20.1,980
23-01-04_21:15,21.1,981
23-01-04_17:15,19.3,982
23-01-04_13:15,19.4,985
23-01-04_09:15,19.5,988
23-01-04_05:15,18.4,990
23-01-04_01:15,20.7,993
23-01-03_21:15,20.2,995
23-01-03_17:15,19.8,995
23-01-03_13:15,19.9,995
23-01-03_09:15,20.4,995
23-01-03_05:15,18.6,993
23-01-03_01:15,20.4,992
23-01-02_21:15,19.2,989
23-01-02_17:15,20.2,986
23-01-02_13:15,20.3,984
23-01-02_09:15,20.7,984
23-01-02_05:15,19.1,983
23-01-02_01:15,20.3,985
23-01-01_21:15,22.2,986
23-01-01_17:15,21.4,986
23-01-01_13:15,20.3,985
23-01-01_09:15,19.0,985
23-01-01_05:15,19.4,983
23-01-01_01:15,22.1,983
22-12-31_21:15,21.4,982
22-12-31_17:15,21.1,981
22-12-31_13:15,20.2,980
22-12-31_09:15,17.3,979
22-12-31_05:15,17.0,977
22-12-31_01:15,18.0,977
22-12-30_21:15,20.0,976
22-12-30_17:15,19.6,977
22-12-30_13:15,19.9,980
22-12-30_09:15,19.3,983
22-12-30_05:15,17.7,981
22-12-30_01:15,19.7,979
22-12-29_21:15,18.0,977
22-12-29_17:15,20.6,976
22-12-29_13:15,19.9,974
22-12-29_09:15,18.8,974
22-12-29_05:15,17.7,975
22-12-29_01:15,19.0,976
22-12-28_21:15,19.4,978
22-12-28_17:15,19.1,981
22-12-28_13:15,18.7,982
22-12-28_09:15,17.4,983
22-12-28_05:15,16.5,985
22-12-28_01:15,16.9,989
22-12-27_21:15,18.1,991
22-12-27_17:15,18.1,992
22-12-27_13:15,17.7,991
22-12-27_09:15,17.7,991
22-12-27_05:15,16.3,989
22-12-27_01:15,16.4,986
22-12-26_21:15,18.0,982
22-12-26_17:15,18.6,981
22-12-26_13:15,17.7,981
22-12-26_09:15,16.3,980
22-12-26_05:15,14.1,979
22-12-26_01:15,14.8,979
22-12-25_21:15,16.8,979
22-12-25_17:15,16.2,980
22-12-25_13:15,12.9,981
22-12-25_09:15,12.7,983
22-12-25_05:15,12.7,984
22-12-25_01:15,12.9,984
22-12-24_21:15,13.1,983
22-12-24_17:15,13.3,981
22-12-24_13:15,13.4,979
22-12-24_09:15,13.3,978
22-12-24_05:15,13.4,974
22-12-24_01:15,13.5,971
22-12-23_21:15,13.6,969
22-12-23_17:15,13.8,971
22-12-23_13:15,14.0,972
22-12-23_09:15,14.1,972
22-12-23_05:15,14.3,971
22-12-23_01:15,14.5,971
22-12-22_21:15,14.9,973
22-12-22_17:15,15.4,974
22-12-22_13:15,16.4,970
22-12-22_09:15,18.5,971
22-12-22_05:15,15.9,973
22-12-22_01:15,18.0,976
22-12-21_21:15,19.1,978
22-12-21_17:15,17.6,978
22-12-21_13:15,17.3,978
22-12-21_09:15,17.9,979
22-12-21_05:15,14.9,979
22-12-21_01:15,16.6,980
22-12-20_21:15,19.2,982
22-12-20_17:15,18.4,982
22-12-20_13:15,17.8,983
22-12-20_09:15,17.1,985
22-12-20_05:15,14.2,986
22-12-20_01:15,15.5,987
22-12-19_21:15,18.5,988
22-12-19_17:15,18.3,988
22-12-19_13:15,18.4,989
22-12-19_09:15,17.2,991
22-12-19_05:15,13.8,991
22-12-19_01:15,15.3,992
22-12-18_21:15,18.5,994
22-12-18_17:15,19.5,996
22-12-18_13:15,18.9,997
22-12-18_09:15,16.8,998
22-12-18_05:15,13.8,996
22-12-18_01:15,15.7,996
22-12-17_21:15,18.0,995
22-12-17_17:15,19.0,994
22-12-17_13:15,17.4,992
22-12-17_09:15,17.0,991
22-12-17_05:15,14.9,988
22-12-17_01:15,18.5,986
22-12-16_21:15,17.8,984
22-12-16_17:15,18.6,982
22-12-16_13:15,17.9,979
22-12-16_09:15,17.9,977
22-12-16_05:15,13.9,974
22-12-16_01:15,15.1,974
22-12-15_21:15,17.2,975
22-12-15_17:15,17.8,975
22-12-15_13:15,17.8,975
22-12-15_09:15,17.0,975
22-12-15_05:15,14.3,972
22-12-15_01:15,14.0,970
22-12-14_21:15,17.2,969
22-12-14_17:15,17.5,968
22-12-14_13:15,16.9,967
22-12-14_09:15,17.1,969
22-12-14_05:15,13.5,971
22-12-14_01:15,14.5,973
22-12-13_21:15,16.8,975
22-12-13_17:15,17.3,977
22-12-13_13:15,17.8,977
22-12-13_09:15,17.3,978
22-12-13_05:15,14.1,978
22-12-13_01:15,15.5,979
22-12-12_21:15,17.3,979
22-12-12_17:15,18.3,978
22-12-12_13:15,18.2,978
22-12-12_09:15,17.5,977
22-12-12_05:15,14.7,976
22-12-12_01:15,15.9,975
22-12-11_21:15,19.3,975
22-12-11_17:15,19.2,975
22-12-11_13:15,19.8,975
22-12-11_09:15,16.5,975
22-12-11_05:15,15.5,975
22-12-11_01:15,17.4,976
22-12-10_21:15,18.5,976
22-12-10_17:15,19.0,976
22-12-10_13:20,18.1,974
22-12-10_09:20,17.4,973
22-12-10_05:20,15.2,972
22-12-10_01:20,16.9,972
22-12-09_21:20,19.2,972
22-12-09_17:20,18.2,971
22-12-09_13:20,17.9,971
22-12-09_09:15,17.8,973
22-12-09_05:15,14.4,972
22-12-09_01:15,15.2,973
22-12-08_21:15,17.6,973
22-12-08_17:15,17.3,973
22-12-08_13:15,14.4,973
22-12-08_09:15,14.4,974
22-12-08_05:15,15.1,975
22-12-08_01:15,15.8,976
22-12-07_21:15,18.2,978
22-12-07_17:15,18.2,978
22-12-07_13:15,17.8,979
22-12-07_09:15,17.7,980
22-12-07_05:15,14.7,979
22-12-07_01:15,15.4,981
22-12-06_21:15,17.0,982
22-12-06_17:15,17.8,982
22-12-06_13:15,17.5,981
22-12-06_09:15,17.2,982
22-12-06_05:15,14.7,982
22-12-06_01:15,15.7,983
22-12-05_21:15,17.4,984
22-12-05_17:15,17.9,984
22-12-05_13:15,17.5,984
22-12-05_09:15,17.9,983
22-12-05_05:15,15.2,981
22-12-05_01:15,16.8,981
22-12-04_21:15,19.3,981
22-12-04_17:15,18.1,982
22-12-04_13:15,19.0,982
22-12-04_09:15,17.3,983
22-12-04_05:15,16.5,983
22-12-04_01:15,19.5,984
22-12-03_21:15,19.5,985
22-12-03_17:15,18.6,985
22-12-03_13:15,19.3,986
22-12-03_09:15,15.1,986
22-12-03_05:15,15.5,987
22-12-03_01:15,17.8,987
22-12-02_21:15,18.5,987
22-12-02_17:15,19.4,987
22-12-02_13:15,19.7,987
22-12-02_09:15,20.3,988
22-12-02_05:15,19.3,989
22-12-02_01:15,19.3,990
22-12-01_21:15,19.6,991
22-12-01_17:15,19.5,991
22-12-01_13:15,19.6,991
22-12-01_09:15,19.7,992
22-12-01_05:15,19.3,991
22-12-01_01:15,19.2,991
22-11-30_21:15,21.4,991
22-11-30_17:15,19.8,989
22-11-30_13:15,20.0,988
22-11-30_09:15,19.5,988
22-11-30_05:15,18.9,987
22-11-30_01:15,18.6,987
22-11-29_21:15,20.8,986
22-11-29_17:15,19.7,985
22-11-29_13:15,19.4,984
22-11-29_09:15,18.5,983
22-11-29_05:15,16.4,981
22-11-29_01:15,16.8,981
22-11-28_21:15,18.6,981
22-11-28_17:15,17.8,980
22-11-28_13:15,18.4,980
22-11-28_09:15,18.2,980
22-11-28_05:15,16.8,981
22-11-28_01:15,17.8,984
22-11-27_21:15,20.8,986
22-11-27_17:15,20.9,989
22-11-27_13:15,19.8,991
22-11-27_09:15,19.2,993
22-11-27_05:15,19.7,994
22-11-27_01:15,20.3,996
22-11-26_21:15,20.3,997
22-11-26_17:15,19.7,996
22-11-26_13:15,16.5,995
22-11-26_09:15,13.9,994
22-11-26_05:15,13.9,992
22-11-26_01:15,14.2,990
22-11-25_21:15,14.5,987
22-11-25_17:15,15.1,984
22-11-25_13:15,15.3,982
22-11-25_09:15,15.5,982
22-11-25_05:15,15.9,982
22-11-25_01:15,17.0,982
22-11-24_21:15,17.8,982
22-11-24_17:15,19.0,981
22-11-24_13:15,18.7,978
22-11-24_09:15,18.7,977
22-11-24_05:15,18.7,975
22-11-24_01:15,18.5,973
22-11-23_21:15,19.9,972
22-11-23_17:15,18.4,970
22-11-23_13:15,18.0,970
22-11-23_09:15,18.2,971
22-11-23_05:15,17.5,970
22-11-23_01:15,17.8,969
22-11-22_21:15,19.4,968
22-11-22_17:15,19.4,967
22-11-22_13:15,19.4,967
22-11-22_09:15,19.2,965
22-11-22_05:15,18.6,964
22-11-22_01:15,19.1,965
22-11-21_21:15,19.3,967
22-11-21_17:15,19.7,969
22-11-21_13:15,19.4,971
22-11-21_09:15,15.2,971
22-11-21_05:15,14.6,968
22-11-21_01:15,16.2,969
22-11-20_21:15,18.2,972
22-11-20_17:15,16.5,975
22-11-18_09:05,16.5,968
22-11-18_05:05,17.7,966
22-11-18_01:05,18.7,965
22-11-17_21:05,18.0,965
22-11-17_17:05,19.1,964
22-11-17_13:05,17.9,963
22-11-17_09:05,16.7,964
22-11-17_05:05,17.3,966
22-11-17_01:05,18.6,968
22-11-16_21:05,18.3,969
22-11-16_17:05,18.1,969
22-11-16_13:05,17.5,970
22-11-16_09:05,16.5,970
22-11-16_05:05,17.3,970
22-11-16_01:05,18.5,972
22-11-15_21:05,18.7,974
22-11-15_17:05,18.5,976
22-11-15_13:05,18.3,977
22-11-15_09:05,16.7,980
22-11-15_05:05,16.5,980
22-11-15_01:05,17.3,981
22-11-14_21:05,17.8,982
22-11-14_17:05,18.7,982
22-11-14_13:05,18.6,983
22-11-14_09:05,16.0,984
22-11-14_05:05,16.4,984
22-11-14_01:05,17.4,986
22-11-13_21:05,18.0,988
22-11-13_17:05,17.2,989
22-11-13_13:05,17.4,991
22-11-13_09:05,17.4,993
22-11-13_05:05,18.1,994
22-11-13_01:05,19.7,996
22-11-12_21:05,20.3,998
22-11-12_17:05,19.7,998
22-11-12_13:05,20.5,998
22-11-12_09:05,18.3,999
22-11-12_05:05,19.2,999
22-11-12_01:05,21.2,1000
22-11-11_21:05,20.5,999
22-11-11_17:05,19.5,999
22-11-11_13:05,19.0,998
22-11-11_09:05,18.1,998
22-11-11_05:05,18.2,997
22-11-11_01:05,19.2,997
22-11-10_21:05,19.9,996
22-11-10_17:05,20.3,994
22-11-10_13:05,19.2,992
22-11-10_09:05,19.1,991
22-11-10_05:05,18.7,987
22-11-10_01:05,19.3,984
22-11-09_21:05,20.8,982
22-11-09_17:05,19.7,980
22-11-09_13:05,19.7,979
22-11-09_09:05,17.5,979
22-11-09_05:05,18.7,979
22-11-09_01:05,19.6,979
22-11-08_21:05,20.3,979
22-11-08_17:05,20.3,979
22-11-08_13:05,19.7,980
22-11-08_09:05,18.2,981
22-11-08_05:05,17.8,982
22-11-08_01:05,18.6,982
22-11-07_21:05,18.4,982
22-11-07_17:05,19.3,982
22-11-07_13:05,19.2,982
22-11-07_09:05,17.8,981
22-11-07_05:05,17.7,980
22-11-07_01:05,19.3,979
22-11-06_21:05,19.9,979
22-11-06_17:05,19.3,980
22-11-06_13:05,18.6,982
22-11-06_09:05,18.7,985
22-11-06_05:05,17.9,985
22-11-06_01:05,19.7,987
22-11-05_21:05,20.6,987
22-11-05_17:05,19.7,985
22-11-05_13:05,19.8,985
22-11-05_09:05,19.8,983
22-11-05_05:05,19.6,981
22-11-05_01:05,20.8,979
22-11-04_21:05,20.7,977
22-11-04_17:05,20.3,975
22-11-04_13:05,19.5,974
22-11-04_09:05,19.5,974
22-11-04_05:05,19.3,972
22-11-04_01:05,20.5,972
22-11-03_21:05,21.7,973
22-11-03_17:05,20.8,976
22-11-03_13:05,21.2,980
22-11-03_09:05,20.7,984
22-11-03_05:05,19.6,986
22-11-03_01:05,21.2,989
22-11-02_21:05,22.3,990
22-11-02_17:05,22.8,989
22-11-02_13:05,21.7,989
22-11-02_09:05,20.6,988
22-11-02_05:05,20.2,987
22-11-02_01:05,21.3,988
22-11-01_21:05,21.7,987
22-11-01_17:05,20.9,985
22-11-01_13:05,20.5,985
22-11-01_09:05,19.5,984
22-11-01_05:05,19.8,982
22-11-01_01:05,21.0,982
22-10-31_21:05,20.7,984
22-10-31_17:05,19.6,985
22-10-31_13:05,19.2,987
22-10-31_09:05,20.2,989
22-10-31_05:05,18.6,988
22-10-31_01:05,18.6,988
22-10-30_21:05,18.8,987
22-10-30_17:05,19.2,986
22-10-30_13:05,19.3,986
22-10-30_09:05,18.9,986
22-10-30_05:05,18.6,986
22-10-30_02:05,18.7,987
22-10-29_22:05,19.0,988
22-10-29_18:05,19.1,988
22-10-29_14:05,19.4,989
22-10-29_10:05,20.2,990
22-10-29_06:05,18.8,990
22-10-29_02:05,18.8,990
22-10-28_22:05,19.0,989
22-10-28_18:05,19.1,988
22-10-28_14:05,19.6,989
22-10-28_10:05,20.6,990
22-10-28_06:05,19.4,990
22-10-28_02:05,19.8,991
22-10-27_22:05,20.6,991
22-10-27_18:05,19.0,991
22-10-27_14:05,19.3,992
22-10-27_10:05,20.8,993
22-10-27_06:05,18.4,992
22-10-27_02:05,19.0,991
22-10-26_22:05,19.7,990
22-10-26_18:05,19.9,987
22-10-26_14:05,20.6,986
22-10-26_10:05,20.3,985
22-10-26_06:05,19.7,985
22-10-26_02:05,20.7,985
22-10-25_22:05,22.6,986
22-10-25_18:05,22.2,985
22-10-25_14:05,22.3,985
22-10-25_10:05,21.8,984
22-10-25_06:05,20.2,983
22-10-25_02:05,20.9,982
22-10-24_22:05,22.3,981
22-10-24_18:05,21.5,980
22-10-24_14:05,21.5,980
22-10-24_10:05,20.2,980
22-10-24_06:05,20.0,980
22-10-24_02:05,21.0,980
22-10-23_22:05,22.0,979
22-10-23_18:05,22.3,979
22-10-23_14:05,21.6,982
22-10-23_10:05,20.7,984
22-10-23_06:05,20.2,984
22-10-23_02:05,22.1,985
22-10-22_22:05,21.9,985
22-10-22_18:05,21.5,984
22-10-22_14:05,20.8,983
22-10-22_10:05,19.8,982
22-10-22_06:05,20.3,979
22-10-22_02:05,21.2,979
22-10-21_22:05,22.1,980
22-10-21_18:05,21.8,979
22-10-21_14:05,21.4,978
22-10-21_10:05,21.6,979
22-10-21_06:05,20.4,980
22-10-21_02:05,21.6,982
22-10-20_22:05,22.3,984
22-10-20_18:05,21.5,984
22-10-20_14:05,21.6,985
22-10-20_10:05,23.5,987
22-10-20_06:05,20.2,989
22-10-20_02:05,21.3,991
22-10-19_22:05,22.6,993
22-10-19_18:05,22.6,993
22-10-19_14:05,23.0,994
22-10-19_10:05,22.1,995
22-10-19_06:05,20.7,994
22-10-19_02:05,21.9,994
22-10-18_22:05,23.3,994
22-10-18_18:05,22.5,994
22-10-18_14:05,21.8,993
22-10-18_10:05,21.0,991
22-10-18_06:05,20.8,992
22-10-18_02:05,21.6,993
22-10-17_22:05,22.5,992
22-10-17_18:05,21.5,991
22-10-17_14:05,22.3,990
22-10-17_10:05,22.1,990
22-10-17_06:05,19.7,989
22-10-17_02:05,20.2,989
22-10-16_22:05,20.7,988
22-10-16_18:05,19.3,986
22-10-16_14:05,19.5,985
22-10-16_10:05,19.4,983
22-10-16_06:05,19.1,981
22-10-16_02:05,19.8,981
22-10-15_22:05,19.9,979
22-10-15_18:05,20.0,978
22-10-15_14:05,19.9,977
22-10-15_10:05,19.0,976
22-10-15_06:05,19.3,975
22-10-15_02:05,20.0,976
22-10-14_22:05,19.5,978
22-10-14_18:05,19.9,980
22-10-14_14:05,19.4,981
22-10-14_10:05,18.3,983
22-10-14_06:05,18.4,983
22-10-14_02:05,19.2,984
22-10-13_22:05,20.1,985
22-10-13_18:05,19.6,985
22-10-13_14:05,19.3,986
22-10-13_10:05,18.1,987
22-10-13_06:05,18.7,988
22-10-13_02:05,19.4,989
22-10-12_22:05,20.0,989
22-10-12_18:05,19.5,989
22-10-12_14:05,19.5,991
22-10-12_10:05,18.9,992
22-10-12_06:05,18.7,992
22-10-12_02:05,19.5,993
22-10-11_22:05,20.6,993
22-10-11_18:05,19.7,992
22-10-11_14:05,20.3,992
22-10-11_10:05,20.3,992
22-10-11_06:05,18.5,990
22-10-11_02:05,19.4,988
22-10-10_22:05,20.3,986
22-10-10_18:05,19.0,984
22-10-10_14:05,19.4,984
22-10-10_10:05,19.5,984
22-10-10_06:05,18.0,984
22-10-10_02:05,18.7,986
22-10-09_22:05,19.1,988
22-10-09_18:05,18.3,989
22-10-09_14:05,18.6,991
22-10-09_10:05,19.3,993
22-10-09_06:05,17.9,993
22-10-09_02:05,18.7,993
22-10-08_22:05,19.1,991
22-10-08_18:05,18.6,988
22-10-08_14:05,18.9,986
22-10-08_10:05,19.2,986
22-10-08_06:05,18.6,984
22-10-08_02:05,19.7,985
22-10-07_22:05,19.1,987
22-10-07_18:05,18.8,987
22-10-07_14:05,19.0,990
22-10-07_10:05,19.8,993
22-10-07_06:05,17.8,994
22-10-07_02:05,18.1,996
22-10-06_22:05,18.6,997
22-10-06_18:05,18.8,996
22-10-06_14:05,19.2,996
22-10-06_10:05,19.0,995
22-10-06_06:05,17.4,990
22-10-06_02:05,17.9,988
22-10-05_22:05,17.9,986
22-10-05_18:05,17.7,985
22-10-05_14:05,17.7,986
22-10-05_10:05,18.7,987
22-10-05_06:05,17.4,987
22-10-05_02:05,17.9,988
22-10-04_22:05,17.9,989
22-10-04_18:05,17.8,988
22-10-04_14:05,17.9,989
22-10-04_10:05,17.6,990
22-10-04_06:05,18.2,990
22-10-04_02:05,18.2,991
22-10-03_22:05,18.7,991
22-10-03_18:05,18.3,991
22-10-03_14:05,18.4,991
22-10-03_10:05,18.1,991
22-10-03_06:05,18.1,990
22-10-03_02:05,18.6,989
22-10-02_22:05,19.2,986
22-10-02_18:05,19.2,983
22-10-02_14:05,18.5,983
22-10-02_10:05,18.7,983
22-10-02_06:05,18.8,983
22-10-02_02:05,19.5,982
22-10-01_22:05,20.0,979
22-10-01_18:05,19.0,975
22-10-01_14:05,19.1,974
22-10-01_10:05,18.9,976
22-10-01_06:05,19.9,977
22-10-01_02:05,20.8,979
22-09-30_22:05,21.1,980
22-09-30_18:05,20.4,979
22-09-30_14:05,20.9,979
22-09-30_10:05,20.4,979
22-09-30_06:05,19.4,976
22-09-30_02:05,20.4,975
22-09-29_22:05,20.5,974
22-09-29_18:05,20.2,972
22-09-29_14:05,20.4,970
22-09-29_10:05,20.1,969
22-09-29_06:05,18.4,969
22-09-29_02:05,18.8,968
22-09-28_22:05,19.4,967
22-09-28_18:05,20.2,966
22-09-28_14:05,20.1,964
22-09-28_10:05,19.6,962
22-09-28_06:05,19.2,963
22-09-28_02:05,20.1,966
22-09-27_22:05,21.3,967
22-09-27_18:05,20.4,966
22-09-27_14:05,20.1,965
22-09-27_10:05,19.2,964
22-09-27_05:15,19.5,963
22-09-27_01:15,20.2,965
22-09-26_21:15,20.9,969
22-09-26_17:15,20.7,971
22-09-26_13:15,20.9,973
22-09-26_07:10,17.4,974
22-09-26_03:10,17.3,976
22-09-25_23:10,18.4,978
22-09-25_16:30,16.9,977
22-09-25_04:30,16.2,979
22-09-24_16:30,16.6,978
22-09-24_04:30,16.0,980
22-09-23_16:30,16.5,983
22-09-23_04:30,15.8,987
22-09-22_16:30,16.6,989
22-09-22_04:30,15.8,991
22-09-21_16:30,16.7,992
22-09-21_04:30,16.2,992
22-09-20_16:30,17.0,988
22-09-20_04:30,16.7,985
22-09-19_16:30,17.3,982
22-09-19_04:30,17.3,977
22-09-18_16:30,18.1,978
22-09-18_04:30,18.2,978
22-09-17_16:30,19.0,976
22-09-17_04:30,19.3,975
22-09-16_16:30,20.1,974
22-09-16_04:30,19.9,975
22-09-15_16:30,20.4,974
22-09-15_04:30,20.3,972
22-09-14_16:30,20.4,972
22-09-14_04:30,20.3,975
22-09-13_16:30,20.6,976
22-09-13_04:30,20.4,979
22-09-12_16:30,21.2,983
22-09-12_04:30,20.7,985
22-09-11_16:30,21.3,985
22-09-11_04:30,21.4,982
22-09-10_16:30,22.1,980
22-09-10_04:30,21.7,980
22-09-09_16:30,22.4,979
22-09-09_04:30,21.5,979
22-09-08_16:30,25.6,977
22-09-08_04:30,23.0,977
22-09-07_16:30,24.5,980
22-09-07_04:15,22.7,982
22-09-06_16:15,23.4,984
22-09-06_04:15,23.1,987
22-09-05_16:15,24.9,988
22-09-05_04:00,22.7,990
22-09-04_16:00,24.7,987
22-09-04_03:45,22.8,985
22-09-03_15:45,22.7,982
22-09-03_03:30,22.3,983
22-09-02_15:30,23.6,985
22-09-02_03:30,21.5,987
22-09-01_15:30,23.4,988
22-09-01_03:30,21.0,988
22-08-31_15:30,21.7,989
22-08-31_03:30,23.1,988
22-08-30_15:30,24.9,987
22-08-30_03:30,21.5,988
22-08-29_15:30,23.0,987
22-08-29_03:30,22.9,987
22-08-28_15:30,24.1,985
22-08-28_03:30,25.2,983
22-08-27_15:30,25.1,981
22-08-27_03:30,25.2,980
22-08-26_15:30,27.9,979
22-08-26_03:30,24.9,982
22-08-25_15:30,26.9,984
22-08-25_03:30,23.6,987
22-08-24_15:30,25.4,987
22-08-24_03:30,22.8,987
22-08-23_15:30,24.7,985
22-08-23_03:30,23.0,984
22-08-22_15:30,25.4,983
22-08-22_03:30,22.1,983
22-08-21_15:30,24.1,983
22-08-21_03:45,21.4,984
22-08-20_15:45,22.7,983
22-08-20_03:45,21.6,982
22-08-19_08:15,23.4,979
22-08-18_20:15,25.6,979
22-08-18_08:15,25.6,980
22-08-17_20:15,26.5,979
22-08-17_08:15,25.8,980
22-08-16_20:15,25.6,978
22-08-16_08:15,24.5,977
22-08-15_20:15,27.3,974
22-08-15_08:15,25.4,973
22-08-14_20:15,27.5,975
22-08-14_08:15,25.4,980
22-08-13_20:15,27.7,983
22-08-13_08:15,24.8,986
22-08-12_20:15,24.7,986
22-08-12_08:15,22.8,988
22-08-11_20:15,25.3,988
22-08-11_08:15,24.0,991
22-08-10_20:15,24.6,991
22-08-10_08:15,23.2,994
22-08-09_20:15,25.6,993
22-08-09_08:15,21.9,993
22-08-08_20:15,24.8,991
22-08-08_08:15,24.2,991
22-08-07_20:15,24.9,989
22-08-07_08:15,25.4,993
22-08-06_20:15,26.0,992
22-08-06_08:15,26.7,993
22-08-05_20:15,27.5,986
22-08-04_17:45,30.9,978
22-08-04_05:45,28.1,981
22-08-03_17:45,29.6,980
22-08-03_05:45,26.2,982
22-08-02_17:45,28.8,982
22-08-02_05:45,22.4,986
22-08-01_17:45,26.1,983
22-08-01_05:45,24.5,982
22-07-31_17:45,26.4,982
22-07-31_05:45,22.5,985
22-07-30_17:45,25.1,985
22-07-30_05:45,24.5,983
22-07-29_17:45,25.4,982
22-07-29_05:45,24.4,984
22-07-28_17:45,25.4,983
22-07-28_05:45,21.5,986
22-07-27_17:45,24.2,984
22-07-27_05:45,24.3,984
22-07-26_17:45,27.2,982
22-07-26_05:15,24.3,980
22-07-25_17:15,27.4,975
22-07-25_05:15,22.8,981
22-07-24_17:15,28.4,984
22-07-24_05:15,20.4,988
22-07-23_17:15,24.4,985
22-07-23_05:15,22.4,983
22-07-22_17:15,27.7,984
22-07-22_05:15,23.5,986
22-07-21_17:15,28.0,985
22-07-21_05:15,26.1,985
22-07-20_17:15,28.0,982
22-07-20_05:15,25.8,985
22-07-18_22:45,27.1,986
22-07-18_10:45,30.2,986
22-07-17_22:45,24.8,990
22-07-17_10:45,24.0,993
22-07-16_22:45,25.0,991
22-07-16_10:45,20.5,987
22-07-15_22:45,25.1,987
22-07-15_10:15,24.1,988
22-07-14_22:15,24.3,984
22-07-14_10:15,23.3,985
22-07-13_22:15,25.5,985
22-07-13_10:15,24.6,987
22-07-12_07:00,21.1,990
22-07-11_19:00,23.1,988
22-07-11_07:00,21.1,988
22-07-10_18:45,26.6,987
